{
    "root_group": {
        "path": "",
        "id": "d41d8cd98f00b204e9800998ecf8427e",
        "groups": {},
        "checks": {
                "ingest batch matched expected status": {
                    "path": "::ingest batch matched expected status",
                    "id": "9e1098a50ce2f0b3f99f21343b12df35",
                    "passes": 4501,
                    "fails": 0,
                    "name": "ingest batch matched expected status"
                }
            },
        "name": ""
    },
    "metrics": {
        "ingest_batch_expected_status": {
            "passes": 4501,
            "fails": 0,
            "thresholds": {
                "rate>0.99": false
            },
            "value": 1
        },
        "dropped_iterations": {
            "count": 0,
            "rate": 0,
            "thresholds": {
                "count==0": false
            }
        },
        "vus": {
            "value": 0,
            "min": 0,
            "max": 0
        },
        "http_req_failed": {
            "passes": 0,
            "fails": 4501,
            "thresholds": {
                "rate<0.01": false
            },
            "value": 0
        },
        "http_req_blocked": {
            "min": 0.002704,
            "med": 0.005067,
            "max": 64.281229,
            "p(90)": 0.006968,
            "p(95)": 0.00825,
            "avg": 0.02427784847811607
        },
        "vus_max": {
            "value": 60,
            "min": 60,
            "max": 60
        },
        "http_reqs": {
            "count": 4501,
            "rate": 15.974104520426824
        },
        "ingest_batch_status_2xx": {
            "count": 4501,
            "rate": 15.974104520426824
        },
        "data_received": {
            "count": 3695321,
            "rate": 13114.739811270423
        },
        "http_req_duration{scenario:ingest_batch}": {
            "min": 0.185292,
            "med": 4.816771,
            "max": 49.565548,
            "p(90)": 6.304364,
            "p(95)": 6.977378,
            "avg": 5.089129118862466,
            "thresholds": {
                "p(95)<750": false,
                "p(99)<1200": false
            }
        },
        "ingest_batch_status_202": {
            "count": 4501,
            "rate": 15.974104520426824
        },
        "http_req_sending": {
            "max": 4.256071,
            "p(90)": 0.182891,
            "p(95)": 0.215482,
            "avg": 0.14687815241057534,
            "min": 0.090328,
            "med": 0.130226
        },
        "data_sent": {
            "count": 643721603,
            "rate": 2284575.9094376145
        },
        "iteration_duration": {
            "max": 77.72419,
            "p(90)": 14.140316,
            "p(95)": 15.225359,
            "avg": 12.007851883803573,
            "min": 9.565056,
            "med": 11.534474
        },
        "http_req_duration": {
            "min": 0.185292,
            "med": 4.816771,
            "max": 49.565548,
            "p(90)": 6.304364,
            "p(95)": 6.977378,
            "avg": 5.089129118862466
        },
        "http_req_connecting": {
            "min": 0,
            "med": 0,
            "max": 64.16883,
            "p(90)": 0,
            "p(95)": 0,
            "avg": 0.016763998000444345
        },
        "http_req_tls_handshaking": {
            "avg": 0,
            "min": 0,
            "med": 0,
            "max": 0,
            "p(90)": 0,
            "p(95)": 0
        },
        "iterations": {
            "rate": 15.974104520426824,
            "count": 4501
        },
        "http_req_waiting": {
            "p(90)": 6.043025,
            "p(95)": 6.692581,
            "avg": 4.854364355254395,
            "min": 0,
            "med": 4.585565,
            "max": 49.311182
        },
        "http_req_receiving": {
            "min": 0.03896,
            "med": 0.079549,
            "max": 1.369808,
            "p(90)": 0.11325,
            "p(95)": 0.142746,
            "avg": 0.08788661119751179
        },
        "checks": {
            "fails": 0,
            "passes": 4501,
            "value": 1
        },
        "http_req_duration{expected_response:true}": {
            "avg": 5.089129118862466,
            "min": 0.185292,
            "med": 4.816771,
            "max": 49.565548,
            "p(90)": 6.304364,
            "p(95)": 6.977378
        }
    }
}