{
    "metrics": {
        "dropped_iterations": {
            "count": 0,
            "rate": 0,
            "thresholds": {
                "count==0": false
            }
        },
        "http_req_failed": {
            "passes": 0,
            "fails": 6000,
            "thresholds": {
                "rate<0.01": false
            },
            "value": 0
        },
        "http_req_waiting": {
            "avg": 5.2513878771666676,
            "min": 0,
            "med": 5.12739,
            "max": 33.138315,
            "p(90)": 6.371683300000001,
            "p(95)": 6.989278800000004
        },
        "http_reqs": {
            "count": 6000,
            "rate": 21.294860891774523
        },
        "iterations": {
            "count": 6000,
            "rate": 21.294860891774523
        },
        "vus": {
            "value": 0,
            "min": 0,
            "max": 2
        },
        "ingest_batch_expected_status": {
            "passes": 6000,
            "fails": 0,
            "thresholds": {
                "rate>0.99": false
            },
            "value": 1
        },
        "http_req_receiving": {
            "max": 1.007577,
            "p(90)": 0.1138525,
            "p(95)": 0.1280482,
            "avg": 0.08990591366666659,
            "min": 0.0368,
            "med": 0.0854955
        },
        "data_received": {
            "count": 4926000,
            "rate": 17483.080792146884
        },
        "http_req_duration": {
            "p(95)": 7.31739385,
            "avg": 5.503703609333328,
            "min": 0.22731,
            "med": 5.37372,
            "max": 33.369896,
            "p(90)": 6.681874100000001
        },
        "checks": {
            "passes": 6000,
            "fails": 0,
            "value": 1
        },
        "ingest_batch_status_2xx": {
            "rate": 21.294860891774523,
            "count": 6000
        },
        "http_req_connecting": {
            "avg": 0.041862355,
            "min": 0,
            "med": 0,
            "max": 129.721973,
            "p(90)": 0,
            "p(95)": 0
        },
        "ingest_batch_status_202": {
            "count": 6000,
            "rate": 21.294860891774523
        },
        "data_sent": {
            "count": 884192740,
            "rate": 3138126.899969493
        },
        "http_req_sending": {
            "avg": 0.16240981850000036,
            "min": 0.086306,
            "med": 0.14489649999999998,
            "max": 2.319519,
            "p(90)": 0.20810870000000006,
            "p(95)": 0.25572100000000003
        },
        "http_req_duration{expected_response:true}": {
            "min": 0.22731,
            "med": 5.37372,
            "max": 33.369896,
            "p(90)": 6.681874100000001,
            "p(95)": 7.31739385,
            "avg": 5.503703609333328
        },
        "iteration_duration": {
            "avg": 12.448532177999985,
            "min": 9.486024,
            "med": 12.059852500000002,
            "max": 141.724059,
            "p(90)": 14.4130064,
            "p(95)": 15.358012050000001
        },
        "vus_max": {
            "min": 80,
            "max": 80,
            "value": 80
        },
        "http_req_duration{scenario:ingest_batch}": {
            "avg": 5.503703609333328,
            "min": 0.22731,
            "med": 5.37372,
            "max": 33.369896,
            "p(90)": 6.681874100000001,
            "p(95)": 7.31739385,
            "thresholds": {
                "p(95)<750": false,
                "p(99)<1200": false
            }
        },
        "http_req_blocked": {
            "min": 0.002896,
            "med": 0.005712,
            "max": 129.809506,
            "p(90)": 0.007642,
            "p(95)": 0.0088112,
            "avg": 0.04922876666666663
        },
        "http_req_tls_handshaking": {
            "med": 0,
            "max": 0,
            "p(90)": 0,
            "p(95)": 0,
            "avg": 0,
            "min": 0
        }
    },
    "root_group": {
        "groups": {},
        "checks": {
                "ingest batch matched expected status": {
                    "name": "ingest batch matched expected status",
                    "path": "::ingest batch matched expected status",
                    "id": "9e1098a50ce2f0b3f99f21343b12df35",
                    "passes": 6000,
                    "fails": 0
                }
            },
        "name": "",
        "path": "",
        "id": "d41d8cd98f00b204e9800998ecf8427e"
    }
}