{
    "root_group": {
        "name": "",
        "path": "",
        "id": "d41d8cd98f00b204e9800998ecf8427e",
        "groups": {},
        "checks": {
                "ingest batch matched expected status": {
                    "passes": 40,
                    "fails": 0,
                    "name": "ingest batch matched expected status",
                    "path": "::ingest batch matched expected status",
                    "id": "9e1098a50ce2f0b3f99f21343b12df35"
                }
            }
    },
    "metrics": {
        "http_req_blocked": {
            "p(95)": 0.03145409999999921,
            "avg": 0.025853775000000006,
            "min": 0.003996,
            "med": 0.0048059999999999995,
            "max": 0.53319,
            "p(90)": 0.007274000000000002
        },
        "http_req_tls_handshaking": {
            "max": 0,
            "p(90)": 0,
            "p(95)": 0,
            "avg": 0,
            "min": 0,
            "med": 0
        },
        "ingest_batch_expected_status": {
            "passes": 40,
            "fails": 0,
            "thresholds": {
                "rate>0.99": false
            },
            "value": 1
        },
        "http_req_sending": {
            "max": 0.211409,
            "p(90)": 0.1632821,
            "p(95)": 0.17269679999999996,
            "avg": 0.13633755,
            "min": 0.098879,
            "med": 0.13624599999999998
        },
        "http_req_duration{scenario:ingest_batch}": {
            "avg": 4.315273275000001,
            "min": 3.208541,
            "med": 4.044777,
            "max": 10.937032,
            "p(90)": 5.4630628,
            "p(95)": 5.658557549999997,
            "thresholds": {
                "p(95)<750": false,
                "p(99)<1200": false
            }
        },
        "dropped_iterations": {
            "count": 0,
            "rate": 0,
            "thresholds": {
                "count==0": false
            }
        },
        "data_sent": {
            "count": 1292763,
            "rate": 71276.66549667093
        },
        "data_received": {
            "count": 32800,
            "rate": 1808.4325033210314
        },
        "iterations": {
            "count": 40,
            "rate": 2.2054054918549166
        },
        "ingest_batch_status_202": {
            "count": 40,
            "rate": 2.2054054918549166
        },
        "http_req_duration": {
            "p(95)": 5.658557549999997,
            "avg": 4.315273275000001,
            "min": 3.208541,
            "med": 4.044777,
            "max": 10.937032,
            "p(90)": 5.4630628
        },
        "http_req_duration{expected_response:true}": {
            "p(90)": 5.4630628,
            "p(95)": 5.658557549999997,
            "avg": 4.315273275000001,
            "min": 3.208541,
            "med": 4.044777,
            "max": 10.937032
        },
        "http_req_waiting": {
            "p(95)": 5.419926049999996,
            "avg": 4.083005075,
            "min": 3.00697,
            "med": 3.7664785,
            "max": 10.640158,
            "p(90)": 5.2407905
        },
        "http_reqs": {
            "count": 40,
            "rate": 2.2054054918549166
        },
        "vus_max": {
            "value": 2,
            "min": 2,
            "max": 2
        },
        "http_req_failed": {
            "passes": 0,
            "fails": 40,
            "thresholds": {
                "rate<0.01": false
            },
            "value": 0
        },
        "http_req_connecting": {
            "avg": 0.01086505,
            "min": 0,
            "med": 0,
            "max": 0.237845,
            "p(90)": 0,
            "p(95)": 0.00983784999999944
        },
        "ingest_batch_status_2xx": {
            "count": 40,
            "rate": 2.2054054918549166
        },
        "iteration_duration": {
            "avg": 7.263025899999998,
            "min": 5.336935,
            "med": 6.878166,
            "max": 16.394882,
            "p(90)": 8.137783600000002,
            "p(95)": 9.576366499999981
        },
        "vus": {
            "value": 0,
            "min": 0,
            "max": 1
        },
        "checks": {
            "fails": 0,
            "passes": 40,
            "value": 1
        },
        "http_req_receiving": {
            "min": 0.05798,
            "med": 0.090248,
            "max": 0.178523,
            "p(90)": 0.1292519,
            "p(95)": 0.16495685,
            "avg": 0.09593065000000002
        }
    }
}