{
    "root_group": {
        "name": "",
        "path": "",
        "id": "d41d8cd98f00b204e9800998ecf8427e",
        "groups": {},
        "checks": {
                "ingest batch matched expected status": {
                    "name": "ingest batch matched expected status",
                    "path": "::ingest batch matched expected status",
                    "id": "9e1098a50ce2f0b3f99f21343b12df35",
                    "passes": 41,
                    "fails": 0
                }
            }
    },
    "metrics": {
        "ingest_batch_status_2xx": {
            "count": 41,
            "rate": 2.3905622701072904
        },
        "http_req_duration{scenario:ingest_batch}": {
            "p(90)": 5.01954,
            "p(95)": 5.767009,
            "avg": 4.795226804878049,
            "min": 3.287882,
            "med": 4.193805,
            "max": 26.008612,
            "thresholds": {
                "p(95)<750": false,
                "p(99)<1200": false
            }
        },
        "data_received": {
            "count": 33620,
            "rate": 1960.2610614879782
        },
        "http_req_duration{expected_response:true}": {
            "p(95)": 5.767009,
            "avg": 4.795226804878049,
            "min": 3.287882,
            "med": 4.193805,
            "max": 26.008612,
            "p(90)": 5.01954
        },
        "vus_max": {
            "value": 2,
            "min": 2,
            "max": 2
        },
        "http_req_duration": {
            "p(90)": 5.01954,
            "p(95)": 5.767009,
            "avg": 4.795226804878049,
            "min": 3.287882,
            "med": 4.193805,
            "max": 26.008612
        },
        "http_reqs": {
            "count": 41,
            "rate": 2.3905622701072904
        },
        "http_req_failed": {
            "passes": 0,
            "fails": 41,
            "thresholds": {
                "rate<0.01": false
            },
            "value": 0
        },
        "http_req_connecting": {
            "med": 0,
            "max": 0.222391,
            "p(90)": 0,
            "p(95)": 0,
            "avg": 0.008871878048780488,
            "min": 0
        },
        "checks": {
            "passes": 41,
            "fails": 0,
            "value": 1
        },
        "iteration_duration": {
            "med": 6.984724,
            "max": 29.401508,
            "p(90)": 8.714695,
            "p(95)": 9.645993,
            "avg": 7.840868073170729,
            "min": 6.129829
        },
        "ingest_batch_expected_status": {
            "passes": 41,
            "fails": 0,
            "thresholds": {
                "rate>0.99": false
            },
            "value": 1
        },
        "http_req_blocked": {
            "med": 0.004524,
            "max": 0.32997,
            "p(90)": 0.005855,
            "p(95)": 0.006473,
            "avg": 0.0197990731707317,
            "min": 0.0041
        },
        "http_req_waiting": {
            "avg": 4.577809682926828,
            "min": 3.106682,
            "med": 4.00154,
            "max": 25.763671,
            "p(90)": 4.783223,
            "p(95)": 5.571624
        },
        "http_req_tls_handshaking": {
            "p(90)": 0,
            "p(95)": 0,
            "avg": 0,
            "min": 0,
            "med": 0,
            "max": 0
        },
        "http_req_receiving": {
            "avg": 0.0849820487804878,
            "min": 0.059513,
            "med": 0.07942,
            "max": 0.15177,
            "p(90)": 0.112769,
            "p(95)": 0.130044
        },
        "ingest_batch_status_202": {
            "count": 41,
            "rate": 2.3905622701072904
        },
        "vus": {
            "value": 0,
            "min": 0,
            "max": 1
        },
        "iterations": {
            "count": 41,
            "rate": 2.3905622701072904
        },
        "dropped_iterations": {
            "count": 0,
            "rate": 0,
            "thresholds": {
                "count==0": false
            }
        },
        "http_req_sending": {
            "p(95)": 0.159744,
            "avg": 0.1324350731707317,
            "min": 0.099312,
            "med": 0.12829,
            "max": 0.194295,
            "p(90)": 0.155322
        },
        "data_sent": {
            "count": 1548933,
            "rate": 90312.70216400233
        }
    }
}