{
    "metrics": {
        "http_req_failed": {
            "passes": 0,
            "fails": 41,
            "thresholds": {
                "rate<0.01": false
            },
            "value": 0
        },
        "checks": {
            "fails": 0,
            "passes": 41,
            "value": 1
        },
        "http_req_receiving": {
            "med": 0.081426,
            "max": 0.217846,
            "p(90)": 0.133206,
            "p(95)": 0.151242,
            "avg": 0.08993014634146342,
            "min": 0.057412
        },
        "ingest_batch_status_202": {
            "count": 41,
            "rate": 2.2550763413136146
        },
        "data_received": {
            "count": 33620,
            "rate": 1849.162599877164
        },
        "ingest_batch_expected_status": {
            "passes": 41,
            "fails": 0,
            "thresholds": {
                "rate>0.99": false
            },
            "value": 1
        },
        "http_req_sending": {
            "max": 0.313325,
            "p(90)": 0.207864,
            "p(95)": 0.226546,
            "avg": 0.14757924390243898,
            "min": 0.10282,
            "med": 0.138979
        },
        "http_req_waiting": {
            "med": 3.582917,
            "max": 57.571837,
            "p(90)": 5.176655,
            "p(95)": 8.05242,
            "avg": 5.330778195121952,
            "min": 2.969118
        },
        "iteration_duration": {
            "avg": 8.80797148780488,
            "min": 5.99871,
            "med": 6.949754,
            "max": 60.576593,
            "p(90)": 9.274085,
            "p(95)": 11.677755
        },
        "http_reqs": {
            "count": 41,
            "rate": 2.2550763413136146
        },
        "iterations": {
            "count": 41,
            "rate": 2.2550763413136146
        },
        "vus": {
            "value": 0,
            "min": 0,
            "max": 1
        },
        "dropped_iterations": {
            "count": 0,
            "rate": 0,
            "thresholds": {
                "count==0": false
            }
        },
        "http_req_duration{expected_response:true}": {
            "avg": 5.568287585365852,
            "min": 3.145507,
            "med": 3.891052,
            "max": 57.807057,
            "p(90)": 5.581596,
            "p(95)": 8.342401
        },
        "http_req_blocked": {
            "med": 0.004964,
            "max": 0.342612,
            "p(90)": 0.016566,
            "p(95)": 0.076488,
            "avg": 0.021498268292682934,
            "min": 0.003862
        },
        "http_req_connecting": {
            "min": 0,
            "med": 0,
            "max": 0.181058,
            "p(90)": 0,
            "p(95)": 0,
            "avg": 0.00816990243902439
        },
        "ingest_batch_status_2xx": {
            "rate": 2.2550763413136146,
            "count": 41
        },
        "data_sent": {
            "count": 1526302,
            "rate": 83949.45194877201
        },
        "http_req_duration": {
            "p(90)": 5.581596,
            "p(95)": 8.342401,
            "avg": 5.568287585365852,
            "min": 3.145507,
            "med": 3.891052,
            "max": 57.807057
        },
        "vus_max": {
            "value": 2,
            "min": 2,
            "max": 2
        },
        "http_req_duration{scenario:ingest_batch}": {
            "p(95)": 8.342401,
            "avg": 5.568287585365852,
            "min": 3.145507,
            "med": 3.891052,
            "max": 57.807057,
            "p(90)": 5.581596,
            "thresholds": {
                "p(95)<750": false,
                "p(99)<1200": false
            }
        },
        "http_req_tls_handshaking": {
            "p(95)": 0,
            "avg": 0,
            "min": 0,
            "med": 0,
            "max": 0,
            "p(90)": 0
        }
    },
    "root_group": {
        "groups": {},
        "checks": {
                "ingest batch matched expected status": {
                    "name": "ingest batch matched expected status",
                    "path": "::ingest batch matched expected status",
                    "id": "9e1098a50ce2f0b3f99f21343b12df35",
                    "passes": 41,
                    "fails": 0
                }
            },
        "name": "",
        "path": "",
        "id": "d41d8cd98f00b204e9800998ecf8427e"
    }
}