{
    "metrics": {
        "data_sent": {
            "count": 1118432642,
            "rate": 1982771.5504862282
        },
        "data_received": {
            "count": 4926000,
            "rate": 8732.875178096921
        },
        "iteration_duration": {
            "max": 174.633832,
            "p(90)": 22.975078,
            "p(95)": 24.99767085,
            "avg": 20.099151338833305,
            "min": 16.676497,
            "med": 19.245792
        },
        "http_req_duration{expected_response:true}": {
            "max": 157.596967,
            "p(90)": 6.956408700000001,
            "p(95)": 7.6282914,
            "avg": 6.077911210333338,
            "min": 0.22559,
            "med": 5.590291
        },
        "http_req_tls_handshaking": {
            "p(90)": 0,
            "p(95)": 0,
            "avg": 0,
            "min": 0,
            "med": 0,
            "max": 0
        },
        "vus": {
            "value": 0,
            "min": 0,
            "max": 0
        },
        "http_req_failed": {
            "passes": 0,
            "fails": 6000,
            "thresholds": {
                "rate<0.01": false
            },
            "value": 0
        },
        "http_req_blocked": {
            "avg": 0.008444662833333305,
            "min": 0.002818,
            "med": 0.005224,
            "max": 1.511784,
            "p(90)": 0.006671400000000001,
            "p(95)": 0.007483600000000003
        },
        "http_req_connecting": {
            "avg": 0.0016278884999999994,
            "min": 0,
            "med": 0,
            "max": 0.350138,
            "p(90)": 0,
            "p(95)": 0
        },
        "ingest_batch_expected_status": {
            "passes": 6000,
            "fails": 0,
            "thresholds": {
                "rate>0.99": false
            },
            "value": 1
        },
        "http_req_waiting": {
            "avg": 5.8199235240000045,
            "min": 0,
            "med": 5.349947,
            "max": 157.310902,
            "p(90)": 6.633935500000001,
            "p(95)": 7.313239950000001
        },
        "http_req_duration{scenario:ingest_batch}": {
            "avg": 6.077911210333338,
            "min": 0.22559,
            "med": 5.590291,
            "max": 157.596967,
            "p(90)": 6.956408700000001,
            "p(95)": 7.6282914,
            "thresholds": {
                "p(95)<750": false,
                "p(99)<1200": false
            }
        },
        "http_req_receiving": {
            "max": 2.086486,
            "p(90)": 0.11664160000000001,
            "p(95)": 0.13599215,
            "avg": 0.09126825866666685,
            "min": 0.04155,
            "med": 0.083769
        },
        "ingest_batch_status_2xx": {
            "count": 6000,
            "rate": 10.63687597819357
        },
        "iterations": {
            "count": 6000,
            "rate": 10.63687597819357
        },
        "vus_max": {
            "value": 50,
            "min": 50,
            "max": 50
        },
        "dropped_iterations": {
            "count": 0,
            "rate": 0,
            "thresholds": {
                "count==0": false
            }
        },
        "checks": {
            "passes": 6000,
            "fails": 0,
            "value": 1
        },
        "http_req_duration": {
            "p(95)": 7.6282914,
            "avg": 6.077911210333338,
            "min": 0.22559,
            "med": 5.590291,
            "max": 157.596967,
            "p(90)": 6.956408700000001
        },
        "http_req_sending": {
            "p(95)": 0.2352238000000001,
            "avg": 0.16671942766666614,
            "min": 0.098552,
            "med": 0.14191150000000002,
            "max": 3.353535,
            "p(90)": 0.19191550000000004
        },
        "http_reqs": {
            "count": 6000,
            "rate": 10.63687597819357
        },
        "ingest_batch_status_202": {
            "count": 6000,
            "rate": 10.63687597819357
        }
    },
    "root_group": {
        "name": "",
        "path": "",
        "id": "d41d8cd98f00b204e9800998ecf8427e",
        "groups": {},
        "checks": {
                "ingest batch matched expected status": {
                    "fails": 0,
                    "name": "ingest batch matched expected status",
                    "path": "::ingest batch matched expected status",
                    "id": "9e1098a50ce2f0b3f99f21343b12df35",
                    "passes": 6000
                }
            }
    }
}