{
    "metrics": {
        "http_req_connecting": {
            "avg": 0.016416333333333335,
            "min": 0,
            "med": 0,
            "max": 0.098498,
            "p(90)": 0.049249,
            "p(95)": 0.07387350000000001
        },
        "http_req_duration": {
            "avg": 5.147094833333333,
            "min": 2.845419,
            "med": 3.1797325,
            "max": 15.333635,
            "p(90)": 9.3476605,
            "p(95)": 12.34064775
        },
        "http_req_sending": {
            "max": 0.046503,
            "p(90)": 0.0417995,
            "p(95)": 0.04415125,
            "avg": 0.03582816666666667,
            "min": 0.030079,
            "med": 0.034727999999999995
        },
        "data_sent": {
            "count": 2378,
            "rate": 475.23344142121596
        },
        "http_reqs": {
            "count": 6,
            "rate": 1.1990751255371304
        },
        "http_req_receiving": {
            "avg": 0.0970225,
            "min": 0.065079,
            "med": 0.096667,
            "max": 0.132167,
            "p(90)": 0.1220165,
            "p(95)": 0.12709175
        },
        "http_req_blocked": {
            "p(95)": 0.18944375000000002,
            "avg": 0.04629216666666666,
            "min": 0.00448,
            "med": 0.005504,
            "max": 0.250149,
            "p(90)": 0.1287385
        },
        "http_req_failed": {
            "passes": 0,
            "fails": 6,
            "thresholds": {
                "rate<0.01": false
            },
            "value": 0
        },
        "ingest_batch_status_202": {
            "count": 6,
            "rate": 1.1990751255371304
        },
        "http_req_waiting": {
            "avg": 5.014244166666667,
            "min": 2.722529,
            "med": 3.056046,
            "max": 15.164372,
            "p(90)": 9.208145,
            "p(95)": 12.186258500000001
        },
        "dropped_iterations": {
            "count": 0,
            "rate": 0,
            "thresholds": {
                "count==0": false
            }
        },
        "checks": {
            "passes": 6,
            "fails": 0,
            "value": 1
        },
        "ingest_batch_expected_status": {
            "fails": 0,
            "passes": 6,
            "thresholds": {
                "rate>0.99": false
            },
            "value": 1
        },
        "vus": {
            "value": 1,
            "min": 0,
            "max": 1
        },
        "vus_max": {
            "value": 1,
            "min": 1,
            "max": 1
        },
        "ingest_batch_status_2xx": {
            "count": 6,
            "rate": 1.1990751255371304
        },
        "http_req_tls_handshaking": {
            "p(90)": 0,
            "p(95)": 0,
            "avg": 0,
            "min": 0,
            "med": 0,
            "max": 0
        },
        "data_received": {
            "rate": 980.8434526893725,
            "count": 4908
        },
        "iteration_duration": {
            "avg": 5.479684833333334,
            "min": 3.115563,
            "med": 3.4529055,
            "max": 15.976351,
            "p(90)": 9.795919,
            "p(95)": 12.886135
        },
        "iterations": {
            "count": 6,
            "rate": 1.1990751255371304
        },
        "http_req_duration{scenario:ingest_batch}": {
            "min": 2.845419,
            "med": 3.1797325,
            "max": 15.333635,
            "p(90)": 9.3476605,
            "p(95)": 12.34064775,
            "avg": 5.147094833333333,
            "thresholds": {
                "p(99)<1200": false,
                "p(95)<750": false
            }
        },
        "http_req_duration{expected_response:true}": {
            "max": 15.333635,
            "p(90)": 9.3476605,
            "p(95)": 12.34064775,
            "avg": 5.147094833333333,
            "min": 2.845419,
            "med": 3.1797325
        }
    },
    "root_group": {
        "name": "",
        "path": "",
        "id": "d41d8cd98f00b204e9800998ecf8427e",
        "groups": {},
        "checks": {
                "ingest batch matched expected status": {
                    "fails": 0,
                    "name": "ingest batch matched expected status",
                    "path": "::ingest batch matched expected status",
                    "id": "9e1098a50ce2f0b3f99f21343b12df35",
                    "passes": 6
                }
            }
    }
}