{
    "root_group": {
        "name": "",
        "path": "",
        "id": "d41d8cd98f00b204e9800998ecf8427e",
        "groups": {},
        "checks": {
                "ingest batch matched expected status": {
                    "name": "ingest batch matched expected status",
                    "path": "::ingest batch matched expected status",
                    "id": "9e1098a50ce2f0b3f99f21343b12df35",
                    "passes": 1201,
                    "fails": 0
                }
            }
    },
    "metrics": {
        "iteration_duration": {
            "p(95)": 22.340451,
            "avg": 19.421020619483755,
            "min": 16.909147,
            "med": 18.995106,
            "max": 37.731444,
            "p(90)": 21.414089
        },
        "iterations": {
            "count": 1201,
            "rate": 10.664074010316025
        },
        "http_req_tls_handshaking": {
            "med": 0,
            "max": 0,
            "p(90)": 0,
            "p(95)": 0,
            "avg": 0,
            "min": 0
        },
        "http_req_receiving": {
            "avg": 0.0898472139883431,
            "min": 0.054045,
            "med": 0.084018,
            "max": 0.88725,
            "p(90)": 0.11195,
            "p(95)": 0.123783
        },
        "http_req_duration{expected_response:true}": {
            "avg": 6.356316765195667,
            "min": 5.227481,
            "med": 6.165845,
            "max": 15.340369,
            "p(90)": 7.193042,
            "p(95)": 7.699124
        },
        "http_reqs": {
            "count": 1201,
            "rate": 10.664074010316025
        },
        "http_req_connecting": {
            "avg": 0.008745308076602832,
            "min": 0,
            "med": 0,
            "max": 0.376947,
            "p(90)": 0,
            "p(95)": 0
        },
        "dropped_iterations": {
            "count": 0,
            "rate": 0,
            "thresholds": {
                "count==0": false
            }
        },
        "data_sent": {
            "count": 224460143,
            "rate": 1993055.4349026796
        },
        "http_req_waiting": {
            "med": 5.893047,
            "max": 15.031662,
            "p(90)": 6.883879,
            "p(95)": 7.403399,
            "avg": 6.075500031640303,
            "min": 3.9419
        },
        "ingest_batch_status_2xx": {
            "count": 1201,
            "rate": 10.664074010316025
        },
        "http_req_blocked": {
            "p(95)": 0.011274,
            "avg": 0.01729568193172357,
            "min": 0.003467,
            "med": 0.004859,
            "max": 0.489137,
            "p(90)": 0.006401
        },
        "data_received": {
            "count": 986021,
            "rate": 8755.204762469455
        },
        "ingest_batch_expected_status": {
            "passes": 1201,
            "fails": 0,
            "thresholds": {
                "rate>0.99": false
            },
            "value": 1
        },
        "http_req_failed": {
            "passes": 0,
            "fails": 1201,
            "thresholds": {
                "rate<0.01": false
            },
            "value": 0
        },
        "vus": {
            "value": 0,
            "min": 0,
            "max": 0
        },
        "http_req_duration{scenario:ingest_batch}": {
            "p(90)": 7.193042,
            "p(95)": 7.699124,
            "avg": 6.356316765195667,
            "min": 5.227481,
            "med": 6.165845,
            "max": 15.340369,
            "thresholds": {
                "p(95)<750": false,
                "p(99)<1200": false
            }
        },
        "http_req_sending": {
            "avg": 0.19096951956702765,
            "min": 0.113738,
            "med": 0.164024,
            "max": 2.311818,
            "p(90)": 0.223382,
            "p(95)": 0.298369
        },
        "checks": {
            "passes": 1201,
            "fails": 0,
            "value": 1
        },
        "http_req_duration": {
            "max": 15.340369,
            "p(90)": 7.193042,
            "p(95)": 7.699124,
            "avg": 6.356316765195667,
            "min": 5.227481,
            "med": 6.165845
        },
        "vus_max": {
            "value": 50,
            "min": 50,
            "max": 50
        },
        "ingest_batch_status_202": {
            "count": 1201,
            "rate": 10.664074010316025
        }
    }
}