{
    "root_group": {
        "name": "",
        "path": "",
        "id": "d41d8cd98f00b204e9800998ecf8427e",
        "groups": {},
        "checks": {
                "ingest batch matched expected status": {
                    "name": "ingest batch matched expected status",
                    "path": "::ingest batch matched expected status",
                    "id": "9e1098a50ce2f0b3f99f21343b12df35",
                    "passes": 2400,
                    "fails": 0
                }
            }
    },
    "metrics": {
        "http_req_duration{expected_response:true}": {
            "avg": 5.638244782083324,
            "min": 3.986175,
            "med": 5.31125,
            "max": 38.871338,
            "p(90)": 6.9230611,
            "p(95)": 7.563365699999996
        },
        "http_req_failed": {
            "passes": 0,
            "fails": 2400,
            "thresholds": {
                "rate<0.01": false
            },
            "value": 0
        },
        "vus_max": {
            "value": 80,
            "min": 80,
            "max": 80
        },
        "http_req_connecting": {
            "avg": 0.032558915416666674,
            "min": 0,
            "med": 0,
            "max": 62.148416,
            "p(90)": 0,
            "p(95)": 0
        },
        "data_received": {
            "count": 1970400,
            "rate": 17502.07535068775
        },
        "http_req_duration": {
            "avg": 5.638244782083324,
            "min": 3.986175,
            "med": 5.31125,
            "max": 38.871338,
            "p(90)": 6.9230611,
            "p(95)": 7.563365699999996
        },
        "dropped_iterations": {
            "count": 0,
            "rate": 0,
            "thresholds": {
                "count==0": false
            }
        },
        "http_req_sending": {
            "avg": 0.17687328750000036,
            "min": 0.104185,
            "med": 0.149811,
            "max": 2.21437,
            "p(90)": 0.2246027,
            "p(95)": 0.35059104999999996
        },
        "http_req_waiting": {
            "min": 3.474554,
            "med": 5.0206665,
            "max": 38.507357,
            "p(90)": 6.5443487,
            "p(95)": 7.171971349999998,
            "avg": 5.341498252916675
        },
        "http_req_duration{scenario:ingest_batch}": {
            "p(90)": 6.9230611,
            "p(95)": 7.563365699999996,
            "avg": 5.638244782083324,
            "min": 3.986175,
            "med": 5.31125,
            "max": 38.871338,
            "thresholds": {
                "p(95)<750": false,
                "p(99)<1200": false
            }
        },
        "iterations": {
            "count": 2400,
            "rate": 21.31799677306669
        },
        "ingest_batch_status_202": {
            "count": 2400,
            "rate": 21.31799677306669
        },
        "http_req_receiving": {
            "max": 1.472271,
            "p(90)": 0.19034759999999998,
            "p(95)": 0.21947699999999998,
            "avg": 0.11987324166666687,
            "min": 0.054151,
            "med": 0.10472000000000001
        },
        "ingest_batch_status_2xx": {
            "count": 2400,
            "rate": 21.31799677306669
        },
        "vus": {
            "value": 0,
            "min": 0,
            "max": 0
        },
        "http_reqs": {
            "count": 2400,
            "rate": 21.31799677306669
        },
        "http_req_blocked": {
            "avg": 0.04211310250000009,
            "min": 0.003766,
            "med": 0.005598499999999999,
            "max": 62.241037,
            "p(90)": 0.0073471000000000005,
            "p(95)": 0.01063904999999994
        },
        "data_sent": {
            "count": 343241940,
            "rate": 3048846.0705421455
        },
        "ingest_batch_expected_status": {
            "passes": 2400,
            "fails": 0,
            "thresholds": {
                "rate>0.99": false
            },
            "value": 1
        },
        "checks": {
            "fails": 0,
            "passes": 2400,
            "value": 1
        },
        "iteration_duration": {
            "min": 10.09926,
            "med": 11.906036,
            "max": 80.859751,
            "p(90)": 14.458495899999999,
            "p(95)": 15.580152199999997,
            "avg": 12.49350822124997
        },
        "http_req_tls_handshaking": {
            "avg": 0,
            "min": 0,
            "med": 0,
            "max": 0,
            "p(90)": 0,
            "p(95)": 0
        }
    }
}