{
    "root_group": {
        "id": "d41d8cd98f00b204e9800998ecf8427e",
        "groups": {},
        "checks": {
                "ingest batch matched expected status": {
                    "name": "ingest batch matched expected status",
                    "path": "::ingest batch matched expected status",
                    "id": "9e1098a50ce2f0b3f99f21343b12df35",
                    "passes": 2401,
                    "fails": 0
                }
            },
        "name": "",
        "path": ""
    },
    "metrics": {
        "http_req_duration{expected_response:true}": {
            "avg": 6.207490861307785,
            "min": 0.464149,
            "med": 5.926846,
            "max": 26.760941,
            "p(90)": 7.557434,
            "p(95)": 8.219218
        },
        "iteration_duration": {
            "avg": 13.29626656476468,
            "min": 10.19464,
            "med": 12.767929,
            "max": 68.777039,
            "p(90)": 15.25773,
            "p(95)": 16.395649
        },
        "dropped_iterations": {
            "count": 0,
            "rate": 0,
            "thresholds": {
                "count==0": false
            }
        },
        "http_req_receiving": {
            "avg": 0.1045871474385673,
            "min": 0.056957,
            "med": 0.093692,
            "max": 0.647398,
            "p(90)": 0.149751,
            "p(95)": 0.183239
        },
        "http_req_duration{scenario:ingest_batch}": {
            "avg": 6.207490861307785,
            "min": 0.464149,
            "med": 5.926846,
            "max": 26.760941,
            "p(90)": 7.557434,
            "p(95)": 8.219218,
            "thresholds": {
                "p(95)<750": false,
                "p(99)<1200": false
            }
        },
        "http_req_failed": {
            "fails": 2401,
            "passes": 0,
            "thresholds": {
                "rate<0.01": false
            },
            "value": 0
        },
        "http_req_sending": {
            "avg": 0.17395078508954628,
            "min": 0.100746,
            "med": 0.149047,
            "max": 2.150318,
            "p(90)": 0.229216,
            "p(95)": 0.318058
        },
        "http_req_waiting": {
            "min": 0,
            "med": 5.659927,
            "max": 26.408554,
            "p(90)": 7.228626,
            "p(95)": 7.890649,
            "avg": 5.928952928779685
        },
        "http_req_blocked": {
            "avg": 0.04365083798417328,
            "min": 0.003626,
            "med": 0.005533,
            "max": 55.845657,
            "p(90)": 0.007768,
            "p(95)": 0.010662
        },
        "ingest_batch_expected_status": {
            "passes": 2401,
            "fails": 0,
            "thresholds": {
                "rate>0.99": false
            },
            "value": 1
        },
        "data_received": {
            "rate": 17507.531255907998,
            "count": 1971221
        },
        "http_req_tls_handshaking": {
            "max": 0,
            "p(90)": 0,
            "p(95)": 0,
            "avg": 0,
            "min": 0,
            "med": 0
        },
        "iterations": {
            "count": 2401,
            "rate": 21.324642211824603
        },
        "http_req_duration": {
            "avg": 6.207490861307785,
            "min": 0.464149,
            "med": 5.926846,
            "max": 26.760941,
            "p(90)": 7.557434,
            "p(95)": 8.219218
        },
        "ingest_batch_status_2xx": {
            "count": 2401,
            "rate": 21.324642211824603
        },
        "checks": {
            "fails": 0,
            "passes": 2401,
            "value": 1
        },
        "vus_max": {
            "value": 80,
            "min": 80,
            "max": 80
        },
        "http_req_connecting": {
            "p(95)": 0,
            "avg": 0.03470988296543108,
            "min": 0,
            "med": 0,
            "max": 55.746955,
            "p(90)": 0
        },
        "ingest_batch_status_202": {
            "count": 2401,
            "rate": 21.324642211824603
        },
        "vus": {
            "value": 0,
            "min": 0,
            "max": 0
        },
        "http_reqs": {
            "count": 2401,
            "rate": 21.324642211824603
        },
        "data_sent": {
            "count": 351449942,
            "rate": 3121426.1843050844
        }
    }
}