{
    "root_group": {
        "checks": {
            "ingest batch matched expected status": {
                "name": "ingest batch matched expected status",
                "path": "::ingest batch matched expected status",
                "id": "9e1098a50ce2f0b3f99f21343b12df35",
                "passes": 3000,
                "fails": 0
            }
        },
        "name": "",
        "path": "",
        "id": "d41d8cd98f00b204e9800998ecf8427e",
        "groups": {}
    },
    "metrics": {
        "checks": {
            "passes": 3000,
            "fails": 0,
            "value": 1
        },
        "vus_max": {
            "value": 50,
            "min": 50,
            "max": 50
        },
        "http_req_duration{expected_response:true}": {
            "med": 5.2752099999999995,
            "max": 47.741553,
            "p(90)": 6.386027599999999,
            "p(95)": 7.115422649999998,
            "avg": 4.921708136666677,
            "min": -1051.430229
        },
        "http_req_receiving": {
            "p(95)": 0.12864945,
            "avg": 0.08850365500000021,
            "min": 0.040069,
            "med": 0.084014,
            "max": 3.104681,
            "p(90)": 0.11580349999999999
        },
        "data_received": {
            "count": 2463000,
            "rate": 8741.523031053704
        },
        "iterations": {
            "count": 3000,
            "rate": 10.647409294827899
        },
        "http_req_blocked": {
            "p(95)": 0.0082451,
            "avg": 0.012024740333333303,
            "min": 0.0026,
            "med": 0.0054745,
            "max": 3.046346,
            "p(90)": 0.007187899999999999
        },
        "http_req_failed": {
            "passes": 0,
            "fails": 3000,
            "thresholds": {
                "rate<0.01": false
            },
            "value": 0
        },
        "http_req_waiting": {
            "med": 5.026604000000001,
            "max": 47.493922,
            "p(90)": 6.0664326,
            "p(95)": 6.825649549999998,
            "avg": 5.028448350333331,
            "min": 3.261389
        },
        "iteration_duration": {
            "med": 12.240491,
            "max": 54.919223,
            "p(90)": 14.8537003,
            "p(95)": 15.932365899999995,
            "avg": 12.63615590333334,
            "min": 9.533407
        },
        "http_req_duration{scenario:ingest_batch}": {
            "max": 47.741553,
            "p(90)": 6.386027599999999,
            "p(95)": 7.115422649999998,
            "avg": 4.921708136666677,
            "min": -1051.430229,
            "med": 5.2752099999999995,
            "thresholds": {
                "p(95)<750": false,
                "p(99)<1200": false
            }
        },
        "http_req_connecting": {
            "avg": 0.004235823333333333,
            "min": 0,
            "med": 0,
            "max": 2.967814,
            "p(90)": 0,
            "p(95)": 0
        },
        "ingest_batch_expected_status": {
            "passes": 3000,
            "fails": 0,
            "thresholds": {
                "rate>0.99": false
            },
            "value": 1
        },
        "http_req_sending": {
            "p(90)": 0.1947194,
            "p(95)": 0.23807094999999995,
            "avg": -0.19524386866666574,
            "min": -1056.241379,
            "med": 0.14123750000000002,
            "max": 1.885856
        },
        "data_sent": {
            "count": 442258330,
            "rate": 1569635.151185688
        },
        "vus": {
            "value": 0,
            "min": 0,
            "max": 0
        },
        "http_req_tls_handshaking": {
            "p(95)": 0,
            "avg": 0,
            "min": 0,
            "med": 0,
            "max": 0,
            "p(90)": 0
        },
        "dropped_iterations": {
            "count": 0,
            "rate": 0,
            "thresholds": {
                "count==0": false
            }
        },
        "ingest_batch_status_2xx": {
            "count": 3000,
            "rate": 10.647409294827899
        },
        "http_req_duration": {
            "avg": 4.921708136666677,
            "min": -1051.430229,
            "med": 5.2752099999999995,
            "max": 47.741553,
            "p(90)": 6.386027599999999,
            "p(95)": 7.115422649999998
        },
        "ingest_batch_status_202": {
            "count": 3000,
            "rate": 10.647409294827899
        },
        "http_reqs": {
            "count": 3000,
            "rate": 10.647409294827899
        }
    }
}