{
    "root_group": {
        "path": "",
        "id": "d41d8cd98f00b204e9800998ecf8427e",
        "groups": {},
        "checks": {
                "ingest batch matched expected status": {
                    "name": "ingest batch matched expected status",
                    "path": "::ingest batch matched expected status",
                    "id": "9e1098a50ce2f0b3f99f21343b12df35",
                    "passes": 3001,
                    "fails": 0
                }
            },
        "name": ""
    },
    "metrics": {
        "vus_max": {
            "value": 50,
            "min": 50,
            "max": 50
        },
        "http_reqs": {
            "count": 3001,
            "rate": 10.65050991145136
        },
        "data_sent": {
            "count": 444134351,
            "rate": 1576227.026771582
        },
        "checks": {
            "passes": 3001,
            "fails": 0,
            "value": 1
        },
        "ingest_batch_status_2xx": {
            "count": 3001,
            "rate": 10.65050991145136
        },
        "iteration_duration": {
            "p(95)": 15.798645,
            "avg": 12.80833530656448,
            "min": 9.95267,
            "med": 12.503231,
            "max": 65.422509,
            "p(90)": 14.878779
        },
        "ingest_batch_status_202": {
            "count": 3001,
            "rate": 10.65050991145136
        },
        "http_req_duration{expected_response:true}": {
            "p(95)": 8.195997,
            "avg": 6.175980579473508,
            "min": 4.009593,
            "med": 6.014322,
            "max": 58.835181,
            "p(90)": 7.54533
        },
        "http_req_connecting": {
            "avg": 0.0034562045984671773,
            "min": 0,
            "med": 0,
            "max": 0.488626,
            "p(90)": 0,
            "p(95)": 0
        },
        "http_req_tls_handshaking": {
            "max": 0,
            "p(90)": 0,
            "p(95)": 0,
            "avg": 0,
            "min": 0,
            "med": 0
        },
        "iterations": {
            "count": 3001,
            "rate": 10.65050991145136
        },
        "http_req_waiting": {
            "avg": 5.9118402185938175,
            "min": 3.739415,
            "med": 5.736216,
            "max": 58.240714,
            "p(90)": 7.246084,
            "p(95)": 7.9284
        },
        "http_req_duration{scenario:ingest_batch}": {
            "min": 4.009593,
            "med": 6.014322,
            "max": 58.835181,
            "p(90)": 7.54533,
            "p(95)": 8.195997,
            "avg": 6.175980579473508,
            "thresholds": {
                "p(95)<750": false,
                "p(99)<1200": false
            }
        },
        "http_req_failed": {
            "passes": 0,
            "fails": 3001,
            "thresholds": {
                "rate<0.01": false
            },
            "value": 0
        },
        "vus": {
            "max": 0,
            "value": 0,
            "min": 0
        },
        "http_req_duration": {
            "max": 58.835181,
            "p(90)": 7.54533,
            "p(95)": 8.195997,
            "avg": 6.175980579473508,
            "min": 4.009593,
            "med": 6.014322
        },
        "dropped_iterations": {
            "count": 0,
            "rate": 0,
            "thresholds": {
                "count==0": false
            }
        },
        "ingest_batch_expected_status": {
            "passes": 3001,
            "fails": 0,
            "thresholds": {
                "rate>0.99": false
            },
            "value": 1
        },
        "http_req_receiving": {
            "max": 2.171307,
            "p(90)": 0.17634,
            "p(95)": 0.201158,
            "avg": 0.11279993468843734,
            "min": 0.044123,
            "med": 0.097581
        },
        "http_req_sending": {
            "p(90)": 0.188727,
            "p(95)": 0.228636,
            "avg": 0.15134042619126944,
            "min": 0.08748,
            "med": 0.133777,
            "max": 3.240812
        },
        "data_received": {
            "count": 2463821,
            "rate": 8744.068637301567
        },
        "http_req_blocked": {
            "max": 0.579031,
            "p(90)": 0.006732,
            "p(95)": 0.007969,
            "avg": 0.010263589470176604,
            "min": 0.002486,
            "med": 0.004766
        }
    }
}