{
    "root_group": {
        "name": "",
        "path": "",
        "id": "d41d8cd98f00b204e9800998ecf8427e",
        "groups": {},
        "checks": {
                "ingest batch matched expected status": {
                    "fails": 0,
                    "name": "ingest batch matched expected status",
                    "path": "::ingest batch matched expected status",
                    "id": "9e1098a50ce2f0b3f99f21343b12df35",
                    "passes": 6000
                }
            }
    },
    "metrics": {
        "iterations": {
            "count": 6000,
            "rate": 10.646074427423953
        },
        "vus_max": {
            "value": 50,
            "min": 50,
            "max": 50
        },
        "iteration_duration": {
            "p(95)": 14.846840949999999,
            "avg": 12.425041413666664,
            "min": 10.018881,
            "med": 11.8987375,
            "max": 130.078122,
            "p(90)": 14.021805800000001
        },
        "http_req_duration{expected_response:true}": {
            "p(90)": 6.4679824,
            "p(95)": 7.051110650000001,
            "avg": 5.671553639166669,
            "min": 0.190669,
            "med": 5.3686679999999996,
            "max": 121.36789
        },
        "http_req_sending": {
            "avg": 0.16445838000000004,
            "min": 0.092152,
            "med": 0.14640150000000002,
            "max": 3.660896,
            "p(90)": 0.19775880000000004,
            "p(95)": 0.24391330000000003
        },
        "http_reqs": {
            "rate": 10.646074427423953,
            "count": 6000
        },
        "http_req_duration{scenario:ingest_batch}": {
            "avg": 5.671553639166669,
            "min": 0.190669,
            "med": 5.3686679999999996,
            "max": 121.36789,
            "p(90)": 6.4679824,
            "p(95)": 7.051110650000001,
            "thresholds": {
                "p(95)<750": false,
                "p(99)<1200": false
            }
        },
        "checks": {
            "passes": 6000,
            "fails": 0,
            "value": 1
        },
        "ingest_batch_status_2xx": {
            "count": 6000,
            "rate": 10.646074427423953
        },
        "ingest_batch_expected_status": {
            "passes": 6000,
            "fails": 0,
            "thresholds": {
                "rate>0.99": false
            },
            "value": 1
        },
        "ingest_batch_status_202": {
            "count": 6000,
            "rate": 10.646074427423953
        },
        "dropped_iterations": {
            "rate": 0,
            "count": 0,
            "thresholds": {
                "count==0": false
            }
        },
        "vus": {
            "value": 0,
            "min": 0,
            "max": 0
        },
        "http_req_duration": {
            "avg": 5.671553639166669,
            "min": 0.190669,
            "med": 5.3686679999999996,
            "max": 121.36789,
            "p(90)": 6.4679824,
            "p(95)": 7.051110650000001
        },
        "data_received": {
            "count": 4926000,
            "rate": 8740.427104915065
        },
        "http_req_failed": {
            "passes": 0,
            "fails": 6000,
            "thresholds": {
                "rate<0.01": false
            },
            "value": 0
        },
        "http_req_connecting": {
            "p(95)": 0,
            "avg": 0.0015889740000000004,
            "min": 0,
            "med": 0,
            "max": 0.309442,
            "p(90)": 0
        },
        "http_req_receiving": {
            "med": 0.0838565,
            "max": 1.296093,
            "p(90)": 0.1122848,
            "p(95)": 0.1329865,
            "avg": 0.09021135050000002,
            "min": 0.046905
        },
        "data_sent": {
            "count": 884516650,
            "rate": 1569438.348032617
        },
        "http_req_blocked": {
            "max": 0.698481,
            "p(90)": 0.0067821,
            "p(95)": 0.0077018000000000034,
            "avg": 0.008195130499999983,
            "min": 0.003077,
            "med": 0.00545
        },
        "http_req_tls_handshaking": {
            "max": 0,
            "p(90)": 0,
            "p(95)": 0,
            "avg": 0,
            "min": 0,
            "med": 0
        },
        "http_req_waiting": {
            "avg": 5.416883908666662,
            "min": 0,
            "med": 5.126704,
            "max": 121.148647,
            "p(90)": 6.1644060000000005,
            "p(95)": 6.734271950000002
        }
    }
}