{
    "metrics": {
        "http_req_duration": {
            "p(90)": 6.258327,
            "p(95)": 6.887466,
            "avg": 5.18598147828021,
            "min": 0.177617,
            "med": 5.001519,
            "max": 85.989461
        },
        "checks": {
            "passes": 9001,
            "fails": 0,
            "value": 1
        },
        "http_req_tls_handshaking": {
            "avg": 0,
            "min": 0,
            "med": 0,
            "max": 0,
            "p(90)": 0,
            "p(95)": 0
        },
        "http_req_receiving": {
            "avg": 0.10040135796022626,
            "min": 0.03918,
            "med": 0.088508,
            "max": 1.689121,
            "p(90)": 0.153008,
            "p(95)": 0.18743
        },
        "data_received": {
            "rate": 13111.807485042968,
            "count": 7389821
        },
        "vus": {
            "value": 0,
            "min": 0,
            "max": 0
        },
        "http_req_failed": {
            "passes": 0,
            "fails": 9001,
            "thresholds": {
                "rate<0.01": false
            },
            "value": 0
        },
        "data_sent": {
            "count": 1287299973,
            "rate": 2284064.718411584
        },
        "http_req_duration{scenario:ingest_batch}": {
            "max": 85.989461,
            "p(90)": 6.258327,
            "p(95)": 6.887466,
            "avg": 5.18598147828021,
            "min": 0.177617,
            "med": 5.001519,
            "thresholds": {
                "p(95)<750": false,
                "p(99)<1200": false
            }
        },
        "http_req_duration{expected_response:true}": {
            "avg": 5.18598147828021,
            "min": 0.177617,
            "med": 5.001519,
            "max": 85.989461,
            "p(90)": 6.258327,
            "p(95)": 6.887466
        },
        "vus_max": {
            "value": 60,
            "min": 60,
            "max": 60
        },
        "http_reqs": {
            "count": 9001,
            "rate": 15.970532868505442
        },
        "http_req_sending": {
            "med": 0.132532,
            "max": 1.795468,
            "p(90)": 0.182067,
            "p(95)": 0.213987,
            "avg": 0.14433351027663535,
            "min": 0.082708
        },
        "http_req_waiting": {
            "avg": 4.941246610043342,
            "min": 0,
            "med": 4.762296,
            "max": 85.672163,
            "p(90)": 5.982333,
            "p(95)": 6.582905
        },
        "ingest_batch_status_202": {
            "count": 9001,
            "rate": 15.970532868505442
        },
        "iterations": {
            "count": 9001,
            "rate": 15.970532868505442
        },
        "ingest_batch_status_2xx": {
            "count": 9001,
            "rate": 15.970532868505442
        },
        "iteration_duration": {
            "avg": 12.014763244639456,
            "min": 9.481223,
            "med": 11.625957,
            "max": 96.465526,
            "p(90)": 14.115037,
            "p(95)": 15.005572
        },
        "http_req_connecting": {
            "p(95)": 0,
            "avg": 0.009280514609487837,
            "min": 0,
            "med": 0,
            "max": 73.45721,
            "p(90)": 0
        },
        "ingest_batch_expected_status": {
            "passes": 9001,
            "fails": 0,
            "thresholds": {
                "rate>0.99": false
            },
            "value": 1
        },
        "http_req_blocked": {
            "p(95)": 0.007575,
            "avg": 0.015202375847128092,
            "min": 0.002413,
            "med": 0.004986,
            "max": 73.55726,
            "p(90)": 0.006758
        },
        "dropped_iterations": {
            "count": 0,
            "rate": 0,
            "thresholds": {
                "count==0": false
            }
        }
    },
    "root_group": {
        "groups": {},
        "checks": {
                "ingest batch matched expected status": {
                    "name": "ingest batch matched expected status",
                    "path": "::ingest batch matched expected status",
                    "id": "9e1098a50ce2f0b3f99f21343b12df35",
                    "passes": 9001,
                    "fails": 0
                }
            },
        "name": "",
        "path": "",
        "id": "d41d8cd98f00b204e9800998ecf8427e"
    }
}