{
    "root_group": {
        "name": "",
        "path": "",
        "id": "d41d8cd98f00b204e9800998ecf8427e",
        "groups": {},
        "checks": {
                "ingest batch matched expected status": {
                    "name": "ingest batch matched expected status",
                    "path": "::ingest batch matched expected status",
                    "id": "9e1098a50ce2f0b3f99f21343b12df35",
                    "passes": 12001,
                    "fails": 0
                }
            }
    },
    "metrics": {
        "http_req_tls_handshaking": {
            "med": 0,
            "max": 0,
            "p(90)": 0,
            "p(95)": 0,
            "avg": 0,
            "min": 0
        },
        "http_req_sending": {
            "max": 2.677477,
            "p(90)": 0.18971,
            "p(95)": 0.223942,
            "avg": 0.16039633047246002,
            "min": 0.099918,
            "med": 0.140844
        },
        "ingest_batch_status_2xx": {
            "count": 12001,
            "rate": 21.274746672704804
        },
        "data_received": {
            "count": 9852821,
            "rate": 17466.567018290647
        },
        "iteration_duration": {
            "avg": 20.829187480793166,
            "min": 16.97882,
            "med": 19.976661,
            "max": 218.420354,
            "p(90)": 23.804084,
            "p(95)": 25.782749
        },
        "http_req_failed": {
            "passes": 0,
            "fails": 12001,
            "thresholds": {
                "rate<0.01": false
            },
            "value": 0
        },
        "vus": {
            "value": 0,
            "min": 0,
            "max": 1
        },
        "http_reqs": {
            "count": 12001,
            "rate": 21.274746672704804
        },
        "ingest_batch_expected_status": {
            "passes": 12001,
            "fails": 0,
            "thresholds": {
                "rate>0.99": false
            },
            "value": 1
        },
        "http_req_duration": {
            "max": 204.524218,
            "p(90)": 7.66574,
            "p(95)": 8.407558,
            "avg": 6.535120536371981,
            "min": -750.457216,
            "med": 6.177007
        },
        "http_req_duration{scenario:ingest_batch}": {
            "avg": 6.535120536371981,
            "min": -750.457216,
            "med": 6.177007,
            "max": 204.524218,
            "p(90)": 7.66574,
            "p(95)": 8.407558,
            "thresholds": {
                "p(95)<750": false,
                "p(99)<1200": false
            }
        },
        "http_req_blocked": {
            "p(95)": 0.006984,
            "avg": 0.011699496708607603,
            "min": 0.002409,
            "med": 0.004696,
            "max": 52.831459,
            "p(90)": 0.006111
        },
        "vus_max": {
            "value": 80,
            "min": 80,
            "max": 80
        },
        "http_req_receiving": {
            "med": 0.087826,
            "max": 1.841426,
            "p(90)": 0.140333,
            "p(95)": 0.176688,
            "avg": 0.035172977585201194,
            "min": -759.787156
        },
        "ingest_batch_status_202": {
            "count": 12001,
            "rate": 21.274746672704804
        },
        "http_req_connecting": {
            "max": 52.734841,
            "p(90)": 0,
            "p(95)": 0,
            "avg": 0.006064503208065994,
            "min": 0,
            "med": 0
        },
        "iterations": {
            "count": 12001,
            "rate": 21.274746672704804
        },
        "http_req_duration{expected_response:true}": {
            "med": 6.177007,
            "max": 204.524218,
            "p(90)": 7.66574,
            "p(95)": 8.407558,
            "avg": 6.535120536371981,
            "min": -750.457216
        },
        "http_req_waiting": {
            "avg": 6.339551228314327,
            "min": 0,
            "med": 5.920588,
            "max": 204.069221,
            "p(90)": 7.375548,
            "p(95)": 8.102855
        },
        "data_sent": {
            "count": 2236226983,
            "rate": 3964266.5249555833
        },
        "dropped_iterations": {
            "count": 0,
            "rate": 0,
            "thresholds": {
                "count==0": false
            }
        },
        "checks": {
            "passes": 12001,
            "fails": 0,
            "value": 1
        }
    }
}