{
    "metrics": {
        "ingest_batch_status_202": {
            "count": 2401,
            "rate": 21.322813079304815
        },
        "http_req_tls_handshaking": {
            "avg": 0,
            "min": 0,
            "med": 0,
            "max": 0,
            "p(90)": 0,
            "p(95)": 0
        },
        "data_received": {
            "count": 1971221,
            "rate": 17506.029538109255
        },
        "http_req_blocked": {
            "avg": 0.03394944981257804,
            "min": 0.003059,
            "med": 0.005022,
            "max": 45.255529,
            "p(90)": 0.006911,
            "p(95)": 0.008727
        },
        "iterations": {
            "count": 2401,
            "rate": 21.322813079304815
        },
        "http_req_waiting": {
            "avg": 5.280812885047894,
            "min": 0,
            "med": 4.755771,
            "max": 56.44527,
            "p(90)": 6.884881,
            "p(95)": 7.658957
        },
        "http_reqs": {
            "count": 2401,
            "rate": 21.322813079304815
        },
        "dropped_iterations": {
            "count": 0,
            "rate": 0,
            "thresholds": {
                "count==0": false
            }
        },
        "http_req_receiving": {
            "avg": 0.0916489291961683,
            "min": 0.041764,
            "med": 0.083397,
            "max": 1.097199,
            "p(90)": 0.125252,
            "p(95)": 0.159158
        },
        "ingest_batch_status_2xx": {
            "count": 2401,
            "rate": 21.322813079304815
        },
        "http_req_duration{scenario:ingest_batch}": {
            "avg": 5.579837793835906,
            "min": 0.187148,
            "med": 5.021332,
            "max": 56.686976,
            "p(90)": 7.207424,
            "p(95)": 8.030591,
            "thresholds": {
                "p(95)<750": false,
                "p(99)<1200": false
            }
        },
        "http_req_duration": {
            "avg": 5.579837793835906,
            "min": 0.187148,
            "med": 5.021332,
            "max": 56.686976,
            "p(90)": 7.207424,
            "p(95)": 8.030591
        },
        "iteration_duration": {
            "avg": 17.42236912619736,
            "min": 13.666151,
            "med": 16.584237,
            "max": 68.935057,
            "p(90)": 21.300916,
            "p(95)": 23.459148
        },
        "vus_max": {
            "value": 80,
            "min": 80,
            "max": 80
        },
        "data_sent": {
            "count": 385105299,
            "rate": 3420045.108882462
        },
        "http_req_failed": {
            "passes": 0,
            "fails": 2401,
            "thresholds": {
                "rate<0.01": false
            },
            "value": 0
        },
        "vus": {
            "value": 0,
            "min": 0,
            "max": 0
        },
        "http_req_sending": {
            "med": 0.144092,
            "max": 3.504339,
            "p(90)": 0.22528,
            "p(95)": 0.330181,
            "avg": 0.20737597959183665,
            "min": 0.096784
        },
        "checks": {
            "passes": 2401,
            "fails": 0,
            "value": 1
        },
        "ingest_batch_expected_status": {
            "passes": 2401,
            "fails": 0,
            "thresholds": {
                "rate>0.99": false
            },
            "value": 1
        },
        "http_req_connecting": {
            "min": 0,
            "med": 0,
            "max": 45.160472,
            "p(90)": 0,
            "p(95)": 0,
            "avg": 0.025571845897542685
        },
        "http_req_duration{expected_response:true}": {
            "max": 56.686976,
            "p(90)": 7.207424,
            "p(95)": 8.030591,
            "avg": 5.579837793835906,
            "min": 0.187148,
            "med": 5.021332
        }
    },
    "root_group": {
        "name": "",
        "path": "",
        "id": "d41d8cd98f00b204e9800998ecf8427e",
        "groups": {},
        "checks": {
                "ingest batch matched expected status": {
                    "path": "::ingest batch matched expected status",
                    "id": "9e1098a50ce2f0b3f99f21343b12df35",
                    "passes": 2401,
                    "fails": 0,
                    "name": "ingest batch matched expected status"
                }
            }
    }
}