{
    "root_group": {
        "name": "",
        "path": "",
        "id": "d41d8cd98f00b204e9800998ecf8427e",
        "groups": {},
        "checks": {
                "ingest batch matched expected status": {
                    "name": "ingest batch matched expected status",
                    "path": "::ingest batch matched expected status",
                    "id": "9e1098a50ce2f0b3f99f21343b12df35",
                    "passes": 6001,
                    "fails": 0
                }
            }
    },
    "metrics": {
        "dropped_iterations": {
            "count": 0,
            "rate": 0,
            "thresholds": {
                "count==0": false
            }
        },
        "http_req_waiting": {
            "avg": 5.511869398100317,
            "min": 0,
            "med": 5.248147,
            "max": 151.659128,
            "p(90)": 6.458903,
            "p(95)": 7.171303
        },
        "iterations": {
            "count": 6001,
            "rate": 21.346716442995465
        },
        "http_req_connecting": {
            "max": 54.597311,
            "p(90)": 0,
            "p(95)": 0,
            "avg": 0.012886253791034826,
            "min": 0,
            "med": 0
        },
        "ingest_batch_status_202": {
            "count": 6001,
            "rate": 21.346716442995465
        },
        "checks": {
            "passes": 6001,
            "fails": 0,
            "value": 1
        },
        "data_received": {
            "count": 4926821,
            "rate": 17525.65419969928
        },
        "http_req_duration{expected_response:true}": {
            "avg": 5.779506724045995,
            "min": 0.29522,
            "med": 5.489142,
            "max": 151.838259,
            "p(90)": 6.768437,
            "p(95)": 7.541812
        },
        "iteration_duration": {
            "med": 16.394562,
            "max": 161.601262,
            "p(90)": 19.989142,
            "p(95)": 21.761439,
            "avg": 17.21067025945678,
            "min": 13.551079
        },
        "vus_max": {
            "value": 80,
            "min": 80,
            "max": 80
        },
        "http_req_sending": {
            "avg": 0.1779548350274958,
            "min": 0.097182,
            "med": 0.143458,
            "max": 5.374026,
            "p(90)": 0.200116,
            "p(95)": 0.247123
        },
        "http_req_duration{scenario:ingest_batch}": {
            "max": 151.838259,
            "p(90)": 6.768437,
            "p(95)": 7.541812,
            "avg": 5.779506724045995,
            "min": 0.29522,
            "med": 5.489142,
            "thresholds": {
                "p(95)<750": false,
                "p(99)<1200": false
            }
        },
        "http_req_duration": {
            "avg": 5.779506724045995,
            "min": 0.29522,
            "med": 5.489142,
            "max": 151.838259,
            "p(90)": 6.768437,
            "p(95)": 7.541812
        },
        "http_req_failed": {
            "passes": 0,
            "fails": 6001,
            "thresholds": {
                "rate<0.01": false
            },
            "value": 0
        },
        "http_reqs": {
            "count": 6001,
            "rate": 21.346716442995465
        },
        "http_req_tls_handshaking": {
            "p(95)": 0,
            "avg": 0,
            "min": 0,
            "med": 0,
            "max": 0,
            "p(90)": 0
        },
        "vus": {
            "value": 0,
            "min": 0,
            "max": 1
        },
        "http_req_receiving": {
            "avg": 0.0896824909181801,
            "min": 0.034408,
            "med": 0.081752,
            "max": 2.121154,
            "p(90)": 0.122152,
            "p(95)": 0.151419
        },
        "ingest_batch_expected_status": {
            "passes": 6001,
            "fails": 0,
            "thresholds": {
                "rate>0.99": false
            },
            "value": 1
        },
        "http_req_blocked": {
            "min": 0.002575,
            "med": 0.004952,
            "max": 54.669274,
            "p(90)": 0.006558,
            "p(95)": 0.007936,
            "avg": 0.019610844025995656
        },
        "data_sent": {
            "count": 962519896,
            "rate": 3423869.2369027636
        },
        "ingest_batch_status_2xx": {
            "count": 6001,
            "rate": 21.346716442995465
        }
    }
}