{
    "root_group": {
        "groups": {},
        "checks": {
                "ingest batch matched expected status": {
                    "fails": 0,
                    "name": "ingest batch matched expected status",
                    "path": "::ingest batch matched expected status",
                    "id": "9e1098a50ce2f0b3f99f21343b12df35",
                    "passes": 3001
                }
            },
        "name": "",
        "path": "",
        "id": "d41d8cd98f00b204e9800998ecf8427e"
    },
    "metrics": {
        "ingest_batch_status_202": {
            "rate": 10.675115736154252,
            "count": 3001
        },
        "data_received": {
            "count": 2463821,
            "rate": 8764.270019382642
        },
        "iteration_duration": {
            "avg": 17.59489656547816,
            "min": 14.030042,
            "med": 16.797948,
            "max": 182.391025,
            "p(90)": 20.463311,
            "p(95)": 22.178383
        },
        "http_reqs": {
            "count": 3001,
            "rate": 10.675115736154252
        },
        "http_req_duration{expected_response:true}": {
            "avg": 6.357900697767407,
            "min": 0.241955,
            "med": 5.77635,
            "max": 167.798689,
            "p(90)": 7.187938,
            "p(95)": 8.097408
        },
        "http_req_duration{scenario:ingest_batch}": {
            "p(90)": 7.187938,
            "p(95)": 8.097408,
            "avg": 6.357900697767407,
            "min": 0.241955,
            "med": 5.77635,
            "max": 167.798689,
            "thresholds": {
                "p(95)<750": false,
                "p(99)<1200": false
            }
        },
        "http_req_tls_handshaking": {
            "p(90)": 0,
            "p(95)": 0,
            "avg": 0,
            "min": 0,
            "med": 0,
            "max": 0
        },
        "data_sent": {
            "count": 481426505,
            "rate": 1712523.7118717907
        },
        "ingest_batch_expected_status": {
            "passes": 3001,
            "fails": 0,
            "thresholds": {
                "rate>0.99": false
            },
            "value": 1
        },
        "http_req_duration": {
            "min": 0.241955,
            "med": 5.77635,
            "max": 167.798689,
            "p(90)": 7.187938,
            "p(95)": 8.097408,
            "avg": 6.357900697767407
        },
        "checks": {
            "passes": 3001,
            "fails": 0,
            "value": 1
        },
        "iterations": {
            "count": 3001,
            "rate": 10.675115736154252
        },
        "http_req_blocked": {
            "p(90)": 0.007234,
            "p(95)": 0.008787,
            "avg": 0.01093841386204599,
            "min": 0.002706,
            "med": 0.005232,
            "max": 0.618107
        },
        "http_req_connecting": {
            "avg": 0.0032697770743085634,
            "min": 0,
            "med": 0,
            "max": 0.383452,
            "p(90)": 0,
            "p(95)": 0
        },
        "vus_max": {
            "value": 50,
            "min": 50,
            "max": 50
        },
        "http_req_waiting": {
            "avg": 6.068558939020338,
            "min": 0,
            "med": 5.50335,
            "max": 167.459436,
            "p(90)": 6.894005,
            "p(95)": 7.772429
        },
        "http_req_receiving": {
            "avg": 0.10060700066644457,
            "min": 0.039954,
            "med": 0.09114,
            "max": 6.088833,
            "p(90)": 0.122713,
            "p(95)": 0.156551
        },
        "ingest_batch_status_2xx": {
            "count": 3001,
            "rate": 10.675115736154252
        },
        "http_req_sending": {
            "p(90)": 0.220909,
            "p(95)": 0.28529,
            "avg": 0.18873475808063983,
            "min": 0.105918,
            "med": 0.148855,
            "max": 2.42186
        },
        "dropped_iterations": {
            "count": 0,
            "rate": 0,
            "thresholds": {
                "count==0": false
            }
        },
        "vus": {
            "value": 0,
            "min": 0,
            "max": 1
        },
        "http_req_failed": {
            "passes": 0,
            "fails": 3001,
            "thresholds": {
                "rate<0.01": false
            },
            "value": 0
        }
    }
}