{
    "root_group": {
        "id": "d41d8cd98f00b204e9800998ecf8427e",
        "groups": {},
        "checks": {
                "ingest batch matched expected status": {
                    "name": "ingest batch matched expected status",
                    "path": "::ingest batch matched expected status",
                    "id": "9e1098a50ce2f0b3f99f21343b12df35",
                    "passes": 12001,
                    "fails": 0
                }
            },
        "name": "",
        "path": ""
    },
    "metrics": {
        "ingest_batch_status_2xx": {
            "count": 12001,
            "rate": 21.3330952106404
        },
        "http_req_tls_handshaking": {
            "avg": 0,
            "min": 0,
            "med": 0,
            "max": 0,
            "p(90)": 0,
            "p(95)": 0
        },
        "ingest_batch_expected_status": {
            "passes": 12001,
            "fails": 0,
            "thresholds": {
                "rate>0.99": false
            },
            "value": 1
        },
        "http_req_waiting": {
            "med": 5.314228,
            "max": 96.627329,
            "p(90)": 6.872657,
            "p(95)": 7.660021,
            "avg": 5.6221804407132705,
            "min": 0
        },
        "http_req_sending": {
            "avg": 0.1633006019498374,
            "min": 0.095443,
            "med": 0.137027,
            "max": 4.821323,
            "p(90)": 0.196135,
            "p(95)": 0.2427
        },
        "data_received": {
            "count": 9852821,
            "rate": 17514.471167935768
        },
        "ingest_batch_status_202": {
            "count": 12001,
            "rate": 21.3330952106404
        },
        "vus": {
            "value": 0,
            "min": 0,
            "max": 2
        },
        "http_req_failed": {
            "passes": 0,
            "fails": 12001,
            "thresholds": {
                "rate<0.01": false
            },
            "value": 0
        },
        "dropped_iterations": {
            "count": 0,
            "rate": 0,
            "thresholds": {
                "count==0": false
            }
        },
        "http_req_duration": {
            "avg": 5.892505006499468,
            "min": 0.167873,
            "med": 5.591624,
            "max": 96.893419,
            "p(90)": 7.171462,
            "p(95)": 7.974024
        },
        "http_reqs": {
            "count": 12001,
            "rate": 21.3330952106404
        },
        "data_sent": {
            "count": 1924880727,
            "rate": 3421686.8442811193
        },
        "http_req_duration{expected_response:true}": {
            "min": 0.167873,
            "med": 5.591624,
            "max": 96.893419,
            "p(90)": 7.171462,
            "p(95)": 7.974024,
            "avg": 5.892505006499468
        },
        "http_req_blocked": {
            "avg": 0.013174045746187722,
            "min": 0.002398,
            "med": 0.004817,
            "max": 58.924776,
            "p(90)": 0.00667,
            "p(95)": 0.007789
        },
        "iteration_duration": {
            "avg": 16.948913217981783,
            "min": 13.48455,
            "med": 16.379796,
            "max": 115.783927,
            "p(90)": 19.587345,
            "p(95)": 21.043111
        },
        "vus_max": {
            "min": 80,
            "max": 80,
            "value": 80
        },
        "http_req_duration{scenario:ingest_batch}": {
            "p(95)": 7.974024,
            "avg": 5.892505006499468,
            "min": 0.167873,
            "med": 5.591624,
            "max": 96.893419,
            "p(90)": 7.171462,
            "thresholds": {
                "p(95)<750": false,
                "p(99)<1200": false
            }
        },
        "iterations": {
            "count": 12001,
            "rate": 21.3330952106404
        },
        "http_req_receiving": {
            "avg": 0.1070239638363473,
            "min": 0.035975,
            "med": 0.094056,
            "max": 1.700499,
            "p(90)": 0.166128,
            "p(95)": 0.200008
        },
        "http_req_connecting": {
            "avg": 0.006978755603699692,
            "min": 0,
            "med": 0,
            "max": 58.848199,
            "p(90)": 0,
            "p(95)": 0
        },
        "checks": {
            "passes": 12001,
            "fails": 0,
            "value": 1
        }
    }
}