{
    "metrics": {
        "http_req_duration{scenario:ingest_batch}": {
            "max": 12.736282,
            "p(90)": 6.618865,
            "p(95)": 7.298838,
            "avg": 5.949481477935059,
            "min": 4.598856,
            "med": 5.783375,
            "thresholds": {
                "p(95)<750": false,
                "p(99)<1200": false
            }
        },
        "data_received": {
            "count": 986021,
            "rate": 8765.478684358615
        },
        "http_req_waiting": {
            "med": 5.515763,
            "max": 12.428131,
            "p(90)": 6.311065,
            "p(95)": 6.966987,
            "avg": 5.646142188176524,
            "min": 3.34606
        },
        "dropped_iterations": {
            "count": 0,
            "rate": 0,
            "thresholds": {
                "count==0": false
            }
        },
        "http_req_receiving": {
            "max": 0.952033,
            "p(90)": 0.110464,
            "p(95)": 0.123435,
            "avg": 0.08783204163197336,
            "min": 0.053977,
            "med": 0.082817
        },
        "http_req_duration": {
            "p(90)": 6.618865,
            "p(95)": 7.298838,
            "avg": 5.949481477935059,
            "min": 4.598856,
            "med": 5.783375,
            "max": 12.736282
        },
        "data_sent": {
            "count": 192632311,
            "rate": 1712452.793590846
        },
        "http_req_duration{expected_response:true}": {
            "p(95)": 7.298838,
            "avg": 5.949481477935059,
            "min": 4.598856,
            "med": 5.783375,
            "max": 12.736282,
            "p(90)": 6.618865
        },
        "iterations": {
            "count": 1201,
            "rate": 10.676587922483089
        },
        "http_req_blocked": {
            "avg": 0.017632389675270626,
            "min": 0.003254,
            "med": 0.004792,
            "max": 0.737861,
            "p(90)": 0.006075,
            "p(95)": 0.016235
        },
        "http_req_connecting": {
            "med": 0,
            "max": 0.664133,
            "p(90)": 0,
            "p(95)": 0,
            "avg": 0.00929002914238135,
            "min": 0
        },
        "ingest_batch_status_2xx": {
            "count": 1201,
            "rate": 10.676587922483089
        },
        "http_req_sending": {
            "avg": 0.2155072481265611,
            "min": 0.108599,
            "med": 0.157794,
            "max": 3.876407,
            "p(90)": 0.20795,
            "p(95)": 0.296007
        },
        "ingest_batch_expected_status": {
            "passes": 1201,
            "fails": 0,
            "thresholds": {
                "rate>0.99": false
            },
            "value": 1
        },
        "vus_max": {
            "min": 50,
            "max": 50,
            "value": 50
        },
        "vus": {
            "value": 0,
            "min": 0,
            "max": 0
        },
        "ingest_batch_status_202": {
            "count": 1201,
            "rate": 10.676587922483089
        },
        "http_reqs": {
            "count": 1201,
            "rate": 10.676587922483089
        },
        "checks": {
            "passes": 1201,
            "fails": 0,
            "value": 1
        },
        "iteration_duration": {
            "avg": 16.309618071607016,
            "min": 14.323773,
            "med": 15.833525,
            "max": 25.289587,
            "p(90)": 18.144768,
            "p(95)": 18.880746
        },
        "http_req_failed": {
            "passes": 0,
            "fails": 1201,
            "thresholds": {
                "rate<0.01": false
            },
            "value": 0
        },
        "http_req_tls_handshaking": {
            "avg": 0,
            "min": 0,
            "med": 0,
            "max": 0,
            "p(90)": 0,
            "p(95)": 0
        }
    },
    "root_group": {
        "name": "",
        "path": "",
        "id": "d41d8cd98f00b204e9800998ecf8427e",
        "groups": {},
        "checks": {
                "ingest batch matched expected status": {
                    "path": "::ingest batch matched expected status",
                    "id": "9e1098a50ce2f0b3f99f21343b12df35",
                    "passes": 1201,
                    "fails": 0,
                    "name": "ingest batch matched expected status"
                }
            }
    }
}