{
    "metrics": {
        "http_req_sending": {
            "p(95)": 0.245439,
            "avg": 0.17034622489792542,
            "min": 0.089917,
            "med": 0.146082,
            "max": 3.174991,
            "p(90)": 0.201292
        },
        "http_req_tls_handshaking": {
            "avg": 0,
            "min": 0,
            "med": 0,
            "max": 0,
            "p(90)": 0,
            "p(95)": 0
        },
        "checks": {
            "passes": 12001,
            "fails": 0,
            "value": 1
        },
        "ingest_batch_status_202": {
            "count": 12001,
            "rate": 21.32898539340354
        },
        "http_req_connecting": {
            "min": 0,
            "med": 0,
            "max": 69.617323,
            "p(90)": 0,
            "p(95)": 0,
            "avg": 0.007114811265727856
        },
        "http_req_duration{expected_response:true}": {
            "med": 6.20985,
            "max": 184.912225,
            "p(90)": 7.8996,
            "p(95)": 8.69681,
            "avg": 6.7013854342138455,
            "min": 0.218351
        },
        "http_req_duration{scenario:ingest_batch}": {
            "p(90)": 7.8996,
            "p(95)": 8.69681,
            "avg": 6.7013854342138455,
            "min": 0.218351,
            "med": 6.20985,
            "max": 184.912225,
            "thresholds": {
                "p(95)<750": false,
                "p(99)<1200": false
            }
        },
        "vus_max": {
            "value": 80,
            "min": 80,
            "max": 80
        },
        "iterations": {
            "rate": 21.32898539340354,
            "count": 12001
        },
        "http_req_failed": {
            "passes": 0,
            "fails": 12001,
            "thresholds": {
                "rate<0.01": false
            },
            "value": 0
        },
        "http_reqs": {
            "count": 12001,
            "rate": 21.32898539340354
        },
        "http_req_receiving": {
            "med": 0.098766,
            "max": 1.614,
            "p(90)": 0.164315,
            "p(95)": 0.200787,
            "avg": 0.11095918506791065,
            "min": 0.038365
        },
        "data_received": {
            "count": 9852821,
            "rate": 17511.097007984306
        },
        "vus": {
            "value": 0,
            "min": 0,
            "max": 2
        },
        "http_req_blocked": {
            "min": 0.002539,
            "med": 0.005412,
            "max": 69.758216,
            "p(90)": 0.007172,
            "p(95)": 0.008298,
            "avg": 0.013711041079909883
        },
        "http_req_duration": {
            "p(90)": 7.8996,
            "p(95)": 8.69681,
            "avg": 6.7013854342138455,
            "min": 0.218351,
            "med": 6.20985,
            "max": 184.912225
        },
        "ingest_batch_status_2xx": {
            "count": 12001,
            "rate": 21.32898539340354
        },
        "dropped_iterations": {
            "count": 0,
            "rate": 0,
            "thresholds": {
                "count==0": false
            }
        },
        "http_req_waiting": {
            "min": 0,
            "med": 5.925933,
            "max": 184.641032,
            "p(90)": 7.586962,
            "p(95)": 8.377785,
            "avg": 6.4200800242480005
        },
        "ingest_batch_expected_status": {
            "passes": 12001,
            "fails": 0,
            "thresholds": {
                "rate>0.99": false
            },
            "value": 1
        },
        "data_sent": {
            "count": 2236866591,
            "rate": 3975509.944707222
        },
        "iteration_duration": {
            "min": 17.01768,
            "med": 20.391082,
            "max": 200.854956,
            "p(90)": 24.123328,
            "p(95)": 25.890604,
            "avg": 21.220414155570328
        }
    },
    "root_group": {
        "id": "d41d8cd98f00b204e9800998ecf8427e",
        "groups": {},
        "checks": {
                "ingest batch matched expected status": {
                    "name": "ingest batch matched expected status",
                    "path": "::ingest batch matched expected status",
                    "id": "9e1098a50ce2f0b3f99f21343b12df35",
                    "passes": 12001,
                    "fails": 0
                }
            },
        "name": "",
        "path": ""
    }
}