{
    "root_group": {
        "groups": {},
        "checks": {
                "ingest batch matched expected status": {
                    "fails": 0,
                    "name": "ingest batch matched expected status",
                    "path": "::ingest batch matched expected status",
                    "id": "9e1098a50ce2f0b3f99f21343b12df35",
                    "passes": 6001
                }
            },
        "name": "",
        "path": "",
        "id": "d41d8cd98f00b204e9800998ecf8427e"
    },
    "metrics": {
        "data_received": {
            "count": 4926821,
            "rate": 8756.2499624269
        },
        "iterations": {
            "count": 6001,
            "rate": 10.665347091871986
        },
        "ingest_batch_expected_status": {
            "passes": 6001,
            "fails": 0,
            "thresholds": {
                "rate>0.99": false
            },
            "value": 1
        },
        "ingest_batch_status_2xx": {
            "count": 6001,
            "rate": 10.665347091871986
        },
        "http_reqs": {
            "count": 6001,
            "rate": 10.665347091871986
        },
        "http_req_tls_handshaking": {
            "p(95)": 0,
            "avg": 0,
            "min": 0,
            "med": 0,
            "max": 0,
            "p(90)": 0
        },
        "http_req_connecting": {
            "p(90)": 0,
            "p(95)": 0,
            "avg": 0.001778798533577737,
            "min": 0,
            "med": 0,
            "max": 0.344532
        },
        "data_sent": {
            "count": 1117802717,
            "rate": 1986627.8881923936
        },
        "http_req_duration": {
            "max": 151.591455,
            "p(90)": 7.824372,
            "p(95)": 8.675088,
            "avg": 6.659567026995496,
            "min": 4.320011,
            "med": 6.227822
        },
        "vus_max": {
            "value": 50,
            "min": 50,
            "max": 50
        },
        "http_req_sending": {
            "avg": 0.17304218780203282,
            "min": 0.093321,
            "med": 0.143415,
            "max": 2.964759,
            "p(90)": 0.214869,
            "p(95)": 0.275723
        },
        "checks": {
            "fails": 0,
            "passes": 6001,
            "value": 1
        },
        "vus": {
            "value": 0,
            "min": 0,
            "max": 0
        },
        "http_req_failed": {
            "passes": 0,
            "fails": 6001,
            "thresholds": {
                "rate<0.01": false
            },
            "value": 0
        },
        "http_req_waiting": {
            "avg": 6.381723263622715,
            "min": 3.204057,
            "med": 5.955009,
            "max": 151.279492,
            "p(90)": 7.501409,
            "p(95)": 8.345382
        },
        "http_req_duration{expected_response:true}": {
            "max": 151.591455,
            "p(90)": 7.824372,
            "p(95)": 8.675088,
            "avg": 6.659567026995496,
            "min": 4.320011,
            "med": 6.227822
        },
        "http_req_blocked": {
            "avg": 0.008420511414764216,
            "min": 0.002482,
            "med": 0.00517,
            "max": 0.496691,
            "p(90)": 0.007385,
            "p(95)": 0.008643
        },
        "ingest_batch_status_202": {
            "count": 6001,
            "rate": 10.665347091871986
        },
        "http_req_duration{scenario:ingest_batch}": {
            "max": 151.591455,
            "p(90)": 7.824372,
            "p(95)": 8.675088,
            "avg": 6.659567026995496,
            "min": 4.320011,
            "med": 6.227822,
            "thresholds": {
                "p(95)<750": false,
                "p(99)<1200": false
            }
        },
        "iteration_duration": {
            "p(95)": 24.895832,
            "avg": 20.68817194150972,
            "min": 16.605503,
            "med": 19.965353,
            "max": 164.693737,
            "p(90)": 23.329068
        },
        "dropped_iterations": {
            "count": 0,
            "rate": 0,
            "thresholds": {
                "count==0": false
            }
        },
        "http_req_receiving": {
            "med": 0.095363,
            "max": 1.479726,
            "p(90)": 0.145764,
            "p(95)": 0.181536,
            "avg": 0.10480157557073799,
            "min": 0.042599
        }
    }
}