{
    "root_group": {
        "id": "d41d8cd98f00b204e9800998ecf8427e",
        "groups": {},
        "checks": {
                "ingest batch matched expected status": {
                    "name": "ingest batch matched expected status",
                    "path": "::ingest batch matched expected status",
                    "id": "9e1098a50ce2f0b3f99f21343b12df35",
                    "passes": 3001,
                    "fails": 0
                }
            },
        "name": "",
        "path": ""
    },
    "metrics": {
        "http_req_connecting": {
            "max": 1.182681,
            "p(90)": 0,
            "p(95)": 0,
            "avg": 0.003994552149283572,
            "min": 0,
            "med": 0
        },
        "iteration_duration": {
            "p(90)": 23.579188,
            "p(95)": 25.377281,
            "avg": 20.27531161712757,
            "min": 16.439194,
            "med": 19.699584,
            "max": 48.620508
        },
        "http_req_sending": {
            "avg": 0.18334254848383866,
            "min": 0.097644,
            "med": 0.142606,
            "max": 6.448973,
            "p(90)": 0.216214,
            "p(95)": 0.303668
        },
        "http_req_receiving": {
            "avg": 0.0948745194935019,
            "min": 0.038413,
            "med": 0.086704,
            "max": 2.147564,
            "p(90)": 0.121529,
            "p(95)": 0.147606
        },
        "data_sent": {
            "count": 560398066,
            "rate": 1990974.276176559
        },
        "vus_max": {
            "value": 50,
            "min": 50,
            "max": 50
        },
        "checks": {
            "passes": 3001,
            "fails": 0,
            "value": 1
        },
        "dropped_iterations": {
            "count": 0,
            "rate": 0,
            "thresholds": {
                "count==0": false
            }
        },
        "http_req_blocked": {
            "avg": 0.01138831889370212,
            "min": 0.00261,
            "med": 0.004891,
            "max": 1.30588,
            "p(90)": 0.006861,
            "p(95)": 0.008434
        },
        "data_received": {
            "count": 2463821,
            "rate": 8753.428196348568
        },
        "http_req_duration{scenario:ingest_batch}": {
            "min": 4.337665,
            "med": 5.612864,
            "max": 33.14257,
            "p(90)": 7.179981,
            "p(95)": 7.920997,
            "avg": 5.867912638120635,
            "thresholds": {
                "p(95)<750": false,
                "p(99)<1200": false
            }
        },
        "http_req_duration{expected_response:true}": {
            "min": 4.337665,
            "med": 5.612864,
            "max": 33.14257,
            "p(90)": 7.179981,
            "p(95)": 7.920997,
            "avg": 5.867912638120635
        },
        "vus": {
            "max": 0,
            "value": 0,
            "min": 0
        },
        "ingest_batch_status_202": {
            "count": 3001,
            "rate": 10.66191010517487
        },
        "ingest_batch_expected_status": {
            "passes": 3001,
            "fails": 0,
            "thresholds": {
                "rate>0.99": false
            },
            "value": 1
        },
        "ingest_batch_status_2xx": {
            "count": 3001,
            "rate": 10.66191010517487
        },
        "http_req_failed": {
            "passes": 0,
            "fails": 3001,
            "thresholds": {
                "rate<0.01": false
            },
            "value": 0
        },
        "http_req_duration": {
            "avg": 5.867912638120635,
            "min": 4.337665,
            "med": 5.612864,
            "max": 33.14257,
            "p(90)": 7.179981,
            "p(95)": 7.920997
        },
        "http_reqs": {
            "count": 3001,
            "rate": 10.66191010517487
        },
        "http_req_tls_handshaking": {
            "avg": 0,
            "min": 0,
            "med": 0,
            "max": 0,
            "p(90)": 0,
            "p(95)": 0
        },
        "http_req_waiting": {
            "min": 3.232927,
            "med": 5.347631,
            "max": 32.907835,
            "p(90)": 6.836388,
            "p(95)": 7.570449,
            "avg": 5.589695570143286
        },
        "iterations": {
            "count": 3001,
            "rate": 10.66191010517487
        }
    }
}