{
    "root_group": {
        "groups": {},
        "checks": {
                "ingest batch matched expected status": {
                    "path": "::ingest batch matched expected status",
                    "id": "9e1098a50ce2f0b3f99f21343b12df35",
                    "passes": 6,
                    "fails": 0,
                    "name": "ingest batch matched expected status"
                }
            },
        "name": "",
        "path": "",
        "id": "d41d8cd98f00b204e9800998ecf8427e"
    },
    "metrics": {
        "checks": {
            "passes": 6,
            "fails": 0,
            "value": 1
        },
        "http_req_failed": {
            "fails": 6,
            "passes": 0,
            "thresholds": {
                "rate<0.01": false
            },
            "value": 0
        },
        "http_req_receiving": {
            "p(95)": 0.1527305,
            "avg": 0.11909966666666666,
            "min": 0.086876,
            "med": 0.1158245,
            "max": 0.152952,
            "p(90)": 0.152509
        },
        "ingest_batch_status_202": {
            "count": 6,
            "rate": 1.1728504654589311
        },
        "http_req_duration": {
            "p(90)": 117.18234100000001,
            "p(95)": 118.0057345,
            "avg": 112.72273933333334,
            "min": 107.424682,
            "med": 113.085276,
            "max": 118.829128
        },
        "http_req_blocked": {
            "p(95)": 0.36989099999999997,
            "avg": 0.28528533333333334,
            "min": 0.200964,
            "med": 0.2787155,
            "max": 0.388962,
            "p(90)": 0.35082
        },
        "ingest_batch_status_2xx": {
            "count": 6,
            "rate": 1.1728504654589311
        },
        "http_req_duration{expected_response:true}": {
            "p(95)": 118.0057345,
            "avg": 112.72273933333334,
            "min": 107.424682,
            "med": 113.085276,
            "max": 118.829128,
            "p(90)": 117.18234100000001
        },
        "http_req_tls_handshaking": {
            "max": 0,
            "p(90)": 0,
            "p(95)": 0,
            "avg": 0,
            "min": 0,
            "med": 0
        },
        "http_req_duration{scenario:ingest_batch}": {
            "avg": 112.72273933333334,
            "min": 107.424682,
            "med": 113.085276,
            "max": 118.829128,
            "p(90)": 117.18234100000001,
            "p(95)": 118.0057345,
            "thresholds": {
                "p(95)<750": false,
                "p(99)<1200": false
            }
        },
        "http_req_sending": {
            "min": 0.108831,
            "med": 0.1296205,
            "max": 0.166551,
            "p(90)": 0.155944,
            "p(95)": 0.1612475,
            "avg": 0.13264216666666667
        },
        "dropped_iterations": {
            "count": 0,
            "rate": 0,
            "thresholds": {
                "count==0": false
            }
        },
        "http_req_connecting": {
            "min": 0.131495,
            "med": 0.187973,
            "max": 0.27665,
            "p(90)": 0.2404265,
            "p(95)": 0.25853825,
            "avg": 0.18739566666666665
        },
        "http_req_waiting": {
            "med": 112.8450875,
            "max": 118.586879,
            "p(90)": 116.901465,
            "p(95)": 117.74417199999999,
            "avg": 112.4709975,
            "min": 107.228975
        },
        "iteration_duration": {
            "avg": 120.66838366666667,
            "min": 114.926046,
            "med": 122.1427255,
            "max": 125.827056,
            "p(90)": 124.91977299999999,
            "p(95)": 125.3734145
        },
        "vus_max": {
            "value": 50,
            "min": 50,
            "max": 50
        },
        "data_sent": {
            "count": 887936,
            "rate": 173569.3584829569
        },
        "data_received": {
            "count": 4926,
            "rate": 962.9102321417823
        },
        "iterations": {
            "count": 6,
            "rate": 1.1728504654589311
        },
        "vus": {
            "min": 0,
            "max": 0,
            "value": 0
        },
        "http_reqs": {
            "count": 6,
            "rate": 1.1728504654589311
        },
        "ingest_batch_expected_status": {
            "passes": 6,
            "fails": 0,
            "thresholds": {
                "rate>0.99": false
            },
            "value": 1
        }
    }
}