{
    "root_group": {
        "groups": {},
        "checks": {
                "ingest batch matched expected status": {
                    "name": "ingest batch matched expected status",
                    "path": "::ingest batch matched expected status",
                    "id": "9e1098a50ce2f0b3f99f21343b12df35",
                    "passes": 6001,
                    "fails": 0
                }
            },
        "name": "",
        "path": "",
        "id": "d41d8cd98f00b204e9800998ecf8427e"
    },
    "metrics": {
        "iterations": {
            "count": 6001,
            "rate": 21.230278896453573
        },
        "http_req_waiting": {
            "p(90)": 8.418308,
            "p(95)": 9.501819,
            "avg": 6.851303781036493,
            "min": 0,
            "med": 6.310716,
            "max": 131.051381
        },
        "dropped_iterations": {
            "count": 0,
            "rate": 0,
            "thresholds": {
                "count==0": false
            }
        },
        "http_req_tls_handshaking": {
            "max": 0,
            "p(90)": 0,
            "p(95)": 0,
            "avg": 0,
            "min": 0,
            "med": 0
        },
        "checks": {
            "fails": 0,
            "passes": 6001,
            "value": 1
        },
        "iteration_duration": {
            "p(90)": 24.861562,
            "p(95)": 27.025931,
            "avg": 21.263529634394224,
            "min": 16.52323,
            "med": 20.407575,
            "max": 146.874119
        },
        "http_req_connecting": {
            "avg": 0.01728163622729545,
            "min": 0,
            "med": 0,
            "max": 70.001859,
            "p(90)": 0,
            "p(95)": 0
        },
        "http_req_blocked": {
            "p(95)": 0.007689,
            "avg": 0.023802741376437397,
            "min": 0.00253,
            "med": 0.004966,
            "max": 70.106385,
            "p(90)": 0.00653
        },
        "http_req_duration{scenario:ingest_batch}": {
            "max": 131.326449,
            "p(90)": 8.754871,
            "p(95)": 9.84233,
            "avg": 7.129835911348087,
            "min": 0.209007,
            "med": 6.586068,
            "thresholds": {
                "p(95)<750": false,
                "p(99)<1200": false
            }
        },
        "data_sent": {
            "count": 1119462639,
            "rate": 3960423.9360323153
        },
        "vus_max": {
            "value": 80,
            "min": 80,
            "max": 80
        },
        "http_req_duration": {
            "avg": 7.129835911348087,
            "min": 0.209007,
            "med": 6.586068,
            "max": 131.326449,
            "p(90)": 8.754871,
            "p(95)": 9.84233
        },
        "http_reqs": {
            "count": 6001,
            "rate": 21.230278896453573
        },
        "data_received": {
            "count": 4926821,
            "rate": 17430.058973988384
        },
        "http_req_receiving": {
            "avg": 0.10048010581569737,
            "min": 0.041823,
            "med": 0.091225,
            "max": 1.378328,
            "p(90)": 0.137009,
            "p(95)": 0.177945
        },
        "vus": {
            "value": 0,
            "min": 0,
            "max": 2
        },
        "http_req_failed": {
            "passes": 0,
            "fails": 6001,
            "thresholds": {
                "rate<0.01": false
            },
            "value": 0
        },
        "ingest_batch_expected_status": {
            "passes": 6001,
            "fails": 0,
            "thresholds": {
                "rate>0.99": false
            },
            "value": 1
        },
        "ingest_batch_status_202": {
            "count": 6001,
            "rate": 21.230278896453573
        },
        "http_req_sending": {
            "med": 0.149725,
            "max": 4.56104,
            "p(90)": 0.209845,
            "p(95)": 0.261505,
            "avg": 0.17805202449591773,
            "min": 0.098114
        },
        "http_req_duration{expected_response:true}": {
            "med": 6.586068,
            "max": 131.326449,
            "p(90)": 8.754871,
            "p(95)": 9.84233,
            "avg": 7.129835911348087,
            "min": 0.209007
        },
        "ingest_batch_status_2xx": {
            "count": 6001,
            "rate": 21.230278896453573
        }
    }
}