{
    "metrics": {
        "checks": {
            "passes": 6001,
            "fails": 0,
            "value": 1
        },
        "http_req_failed": {
            "fails": 6001,
            "passes": 0,
            "thresholds": {
                "rate<0.01": false
            },
            "value": 0
        },
        "http_req_sending": {
            "p(95)": 0.242441,
            "avg": 0.173141981503083,
            "min": 0.105753,
            "med": 0.146683,
            "max": 4.318386,
            "p(90)": 0.19615
        },
        "iterations": {
            "count": 6001,
            "rate": 10.667424835024619
        },
        "http_req_duration": {
            "max": 98.124571,
            "p(90)": 7.099644,
            "p(95)": 7.735803,
            "avg": 5.976176144475927,
            "min": 0.215222,
            "med": 5.552695
        },
        "ingest_batch_expected_status": {
            "passes": 6001,
            "fails": 0,
            "thresholds": {
                "rate>0.99": false
            },
            "value": 1
        },
        "vus": {
            "value": 0,
            "min": 0,
            "max": 0
        },
        "http_reqs": {
            "count": 6001,
            "rate": 10.667424835024619
        },
        "http_req_waiting": {
            "max": 97.932716,
            "p(90)": 6.806245,
            "p(95)": 7.413593,
            "avg": 5.704957953007835,
            "min": 0,
            "med": 5.293593
        },
        "http_req_receiving": {
            "p(95)": 0.166673,
            "avg": 0.09807620996500567,
            "min": 0.049762,
            "med": 0.08977,
            "max": 0.507168,
            "p(90)": 0.128799
        },
        "http_req_tls_handshaking": {
            "avg": 0,
            "min": 0,
            "med": 0,
            "max": 0,
            "p(90)": 0,
            "p(95)": 0
        },
        "data_received": {
            "count": 4926821,
            "rate": 8757.955789555212
        },
        "http_req_blocked": {
            "p(95)": 0.007578,
            "avg": 0.008070067822029672,
            "min": 0.003479,
            "med": 0.005032,
            "max": 0.492035,
            "p(90)": 0.006491
        },
        "dropped_iterations": {
            "count": 0,
            "rate": 0,
            "thresholds": {
                "count==0": false
            }
        },
        "http_req_duration{scenario:ingest_batch}": {
            "avg": 5.976176144475927,
            "min": 0.215222,
            "med": 5.552695,
            "max": 98.124571,
            "p(90)": 7.099644,
            "p(95)": 7.735803,
            "thresholds": {
                "p(95)<750": false,
                "p(99)<1200": false
            }
        },
        "ingest_batch_status_2xx": {
            "count": 6001,
            "rate": 10.667424835024619
        },
        "http_req_connecting": {
            "p(90)": 0,
            "p(95)": 0,
            "avg": 0.0016724842526245627,
            "min": 0,
            "med": 0,
            "max": 0.35435
        },
        "ingest_batch_status_202": {
            "rate": 10.667424835024619,
            "count": 6001
        },
        "vus_max": {
            "value": 50,
            "min": 50,
            "max": 50
        },
        "http_req_duration{expected_response:true}": {
            "min": 0.215222,
            "med": 5.552695,
            "max": 98.124571,
            "p(90)": 7.099644,
            "p(95)": 7.735803,
            "avg": 5.976176144475927
        },
        "data_sent": {
            "count": 962523163,
            "rate": 1710988.7507536493
        },
        "iteration_duration": {
            "p(95)": 20.979723,
            "avg": 17.087699664222676,
            "min": 14.068729,
            "med": 16.491898,
            "max": 107.955633,
            "p(90)": 19.478179
        }
    },
    "root_group": {
        "id": "d41d8cd98f00b204e9800998ecf8427e",
        "groups": {},
        "checks": {
                "ingest batch matched expected status": {
                    "passes": 6001,
                    "fails": 0,
                    "name": "ingest batch matched expected status",
                    "path": "::ingest batch matched expected status",
                    "id": "9e1098a50ce2f0b3f99f21343b12df35"
                }
            },
        "name": "",
        "path": ""
    }
}