{
    "metrics": {
        "http_req_duration": {
            "max": 13.376957,
            "p(90)": 4.709241,
            "p(95)": 5.514167,
            "avg": 4.140097756097561,
            "min": 3.198541,
            "med": 3.774255
        },
        "http_req_tls_handshaking": {
            "med": 0,
            "max": 0,
            "p(90)": 0,
            "p(95)": 0,
            "avg": 0,
            "min": 0
        },
        "iteration_duration": {
            "p(95)": 9.642993,
            "avg": 7.136758975609756,
            "min": 5.787166,
            "med": 6.556083,
            "max": 18.52156,
            "p(90)": 7.982113
        },
        "vus": {
            "value": 1,
            "min": 0,
            "max": 1
        },
        "http_req_duration{expected_response:true}": {
            "p(90)": 4.709241,
            "p(95)": 5.514167,
            "avg": 4.140097756097561,
            "min": 3.198541,
            "med": 3.774255,
            "max": 13.376957
        },
        "data_received": {
            "count": 33620,
            "rate": 1680.311172649775
        },
        "ingest_batch_expected_status": {
            "passes": 41,
            "fails": 0,
            "thresholds": {
                "rate>0.99": false
            },
            "value": 1
        },
        "http_req_duration{scenario:ingest_batch}": {
            "max": 13.376957,
            "p(90)": 4.709241,
            "p(95)": 5.514167,
            "avg": 4.140097756097561,
            "min": 3.198541,
            "med": 3.774255,
            "thresholds": {
                "p(95)<750": false,
                "p(99)<1200": false
            }
        },
        "ingest_batch_status_2xx": {
            "rate": 2.049159966646067,
            "count": 41
        },
        "http_reqs": {
            "count": 41,
            "rate": 2.049159966646067
        },
        "http_req_connecting": {
            "min": 0,
            "med": 0,
            "max": 0.2797,
            "p(90)": 0,
            "p(95)": 0,
            "avg": 0.01140058536585366
        },
        "http_req_receiving": {
            "avg": 0.07754865853658537,
            "min": 0.050439,
            "med": 0.070914,
            "max": 0.260628,
            "p(90)": 0.096481,
            "p(95)": 0.101868
        },
        "vus_max": {
            "value": 2,
            "min": 2,
            "max": 2
        },
        "data_sent": {
            "count": 1556078,
            "rate": 77772.01811167509
        },
        "checks": {
            "fails": 0,
            "passes": 41,
            "value": 1
        },
        "ingest_batch_status_202": {
            "count": 41,
            "rate": 2.049159966646067
        },
        "iterations": {
            "count": 41,
            "rate": 2.049159966646067
        },
        "http_req_sending": {
            "p(95)": 0.171576,
            "avg": 0.13397556097560975,
            "min": 0.096571,
            "med": 0.125804,
            "max": 0.363815,
            "p(90)": 0.164073
        },
        "http_req_failed": {
            "passes": 0,
            "fails": 41,
            "thresholds": {
                "rate<0.01": false
            },
            "value": 0
        },
        "http_req_blocked": {
            "avg": 0.023966097560975612,
            "min": 0.003862,
            "med": 0.004533,
            "max": 0.426968,
            "p(90)": 0.006096,
            "p(95)": 0.020434
        },
        "http_req_waiting": {
            "avg": 3.928573536585365,
            "min": 3.038469,
            "med": 3.56121,
            "max": 12.752514,
            "p(90)": 4.516196,
            "p(95)": 5.280385
        },
        "dropped_iterations": {
            "count": 0,
            "rate": 0,
            "thresholds": {
                "count==0": false
            }
        }
    },
    "root_group": {
        "id": "d41d8cd98f00b204e9800998ecf8427e",
        "groups": {},
        "checks": {
                "ingest batch matched expected status": {
                    "path": "::ingest batch matched expected status",
                    "id": "9e1098a50ce2f0b3f99f21343b12df35",
                    "passes": 41,
                    "fails": 0,
                    "name": "ingest batch matched expected status"
                }
            },
        "name": "",
        "path": ""
    }
}