{
    "metrics": {
        "ingest_batch_status_202": {
            "count": 40,
            "rate": 2.202610471652191
        },
        "iteration_duration": {
            "p(95)": 8.340567649999999,
            "avg": 6.822701425000001,
            "min": 5.770773,
            "med": 6.6535139999999995,
            "max": 9.488365,
            "p(90)": 7.6200246
        },
        "vus_max": {
            "value": 2,
            "min": 2,
            "max": 2
        },
        "http_req_duration{expected_response:true}": {
            "med": 3.9687965,
            "max": 5.646586,
            "p(90)": 4.7470494,
            "p(95)": 5.176090399999999,
            "avg": 4.033911799999999,
            "min": 3.155098
        },
        "dropped_iterations": {
            "count": 0,
            "rate": 0,
            "thresholds": {
                "count==0": false
            }
        },
        "http_req_sending": {
            "med": 0.1249315,
            "max": 1.261394,
            "p(90)": 0.1704777,
            "p(95)": 0.200507,
            "avg": 0.15794627499999997,
            "min": 0.096834
        },
        "http_req_waiting": {
            "avg": 3.799641425,
            "min": 2.993131,
            "med": 3.745874,
            "max": 5.419889,
            "p(90)": 4.5291562,
            "p(95)": 4.8381808999999985
        },
        "http_req_failed": {
            "passes": 0,
            "fails": 40,
            "thresholds": {
                "rate<0.01": false
            },
            "value": 0
        },
        "http_reqs": {
            "count": 40,
            "rate": 2.202610471652191
        },
        "ingest_batch_expected_status": {
            "passes": 40,
            "fails": 0,
            "thresholds": {
                "rate>0.99": false
            },
            "value": 1
        },
        "http_req_blocked": {
            "min": 0.003606,
            "med": 0.004506,
            "max": 0.516252,
            "p(90)": 0.005896500000000002,
            "p(95)": 0.035444549999999055,
            "avg": 0.026377275000000006
        },
        "http_req_receiving": {
            "avg": 0.0763241,
            "min": 0.054759,
            "med": 0.07572699999999999,
            "max": 0.141573,
            "p(90)": 0.0934948,
            "p(95)": 0.09716759999999998
        },
        "checks": {
            "passes": 40,
            "fails": 0,
            "value": 1
        },
        "data_received": {
            "rate": 1806.1405867547967,
            "count": 32800
        },
        "data_sent": {
            "count": 1494813,
            "rate": 82312.26917404566
        },
        "http_req_connecting": {
            "max": 0.394878,
            "p(90)": 0,
            "p(95)": 0.006879749999999608,
            "avg": 0.013311825,
            "min": 0,
            "med": 0
        },
        "http_req_duration": {
            "p(90)": 4.7470494,
            "p(95)": 5.176090399999999,
            "avg": 4.033911799999999,
            "min": 3.155098,
            "med": 3.9687965,
            "max": 5.646586
        },
        "ingest_batch_status_2xx": {
            "count": 40,
            "rate": 2.202610471652191
        },
        "vus": {
            "value": 0,
            "min": 0,
            "max": 1
        },
        "http_req_duration{scenario:ingest_batch}": {
            "p(95)": 5.176090399999999,
            "avg": 4.033911799999999,
            "min": 3.155098,
            "med": 3.9687965,
            "max": 5.646586,
            "p(90)": 4.7470494,
            "thresholds": {
                "p(95)<750": false,
                "p(99)<1200": false
            }
        },
        "iterations": {
            "count": 40,
            "rate": 2.202610471652191
        },
        "http_req_tls_handshaking": {
            "p(95)": 0,
            "avg": 0,
            "min": 0,
            "med": 0,
            "max": 0,
            "p(90)": 0
        }
    },
    "root_group": {
        "name": "",
        "path": "",
        "id": "d41d8cd98f00b204e9800998ecf8427e",
        "groups": {},
        "checks": {
                "ingest batch matched expected status": {
                    "id": "9e1098a50ce2f0b3f99f21343b12df35",
                    "passes": 40,
                    "fails": 0,
                    "name": "ingest batch matched expected status",
                    "path": "::ingest batch matched expected status"
                }
            }
    }
}