{
    "root_group": {
        "groups": {},
        "checks": {
                "ingest batch matched expected status": {
                    "name": "ingest batch matched expected status",
                    "path": "::ingest batch matched expected status",
                    "id": "9e1098a50ce2f0b3f99f21343b12df35",
                    "passes": 40,
                    "fails": 0
                }
            },
        "name": "",
        "path": "",
        "id": "d41d8cd98f00b204e9800998ecf8427e"
    },
    "metrics": {
        "http_req_duration{scenario:ingest_batch}": {
            "max": 19.46601,
            "p(90)": 4.2992564,
            "p(95)": 4.492668349999997,
            "avg": 4.111569649999999,
            "min": 3.056296,
            "med": 3.673723,
            "thresholds": {
                "p(95)<750": false,
                "p(99)<1200": false
            }
        },
        "http_req_receiving": {
            "p(90)": 0.13834760000000004,
            "p(95)": 0.16686379999999992,
            "avg": 0.08876004999999998,
            "min": 0.054716,
            "med": 0.075628,
            "max": 0.202057
        },
        "ingest_batch_status_2xx": {
            "count": 40,
            "rate": 2.2025855439935422
        },
        "http_req_duration{expected_response:true}": {
            "p(95)": 4.492668349999997,
            "avg": 4.111569649999999,
            "min": 3.056296,
            "med": 3.673723,
            "max": 19.46601,
            "p(90)": 4.2992564
        },
        "data_sent": {
            "count": 1520464,
            "rate": 83723.80066406494
        },
        "iteration_duration": {
            "p(95)": 8.099969399999997,
            "avg": 7.039018474999999,
            "min": 5.664314,
            "med": 6.430937500000001,
            "max": 23.189443,
            "p(90)": 8.0224494
        },
        "http_req_duration": {
            "avg": 4.111569649999999,
            "min": 3.056296,
            "med": 3.673723,
            "max": 19.46601,
            "p(90)": 4.2992564,
            "p(95)": 4.492668349999997
        },
        "checks": {
            "passes": 40,
            "fails": 0,
            "value": 1
        },
        "ingest_batch_expected_status": {
            "passes": 40,
            "fails": 0,
            "thresholds": {
                "rate>0.99": false
            },
            "value": 1
        },
        "http_req_sending": {
            "p(95)": 0.17681335,
            "avg": 0.1270057,
            "min": 0.095035,
            "med": 0.117595,
            "max": 0.24899,
            "p(90)": 0.1602853
        },
        "http_reqs": {
            "rate": 2.2025855439935422,
            "count": 40
        },
        "data_received": {
            "rate": 1806.1201460747047,
            "count": 32800
        },
        "dropped_iterations": {
            "count": 0,
            "rate": 0,
            "thresholds": {
                "count==0": false
            }
        },
        "iterations": {
            "count": 40,
            "rate": 2.2025855439935422
        },
        "vus": {
            "value": 0,
            "min": 0,
            "max": 1
        },
        "http_req_connecting": {
            "avg": 0.010776725,
            "min": 0,
            "med": 0,
            "max": 0.300872,
            "p(90)": 0,
            "p(95)": 0.006509849999999631
        },
        "ingest_batch_status_202": {
            "count": 40,
            "rate": 2.2025855439935422
        },
        "http_req_failed": {
            "passes": 0,
            "fails": 40,
            "thresholds": {
                "rate<0.01": false
            },
            "value": 0
        },
        "http_req_waiting": {
            "max": 19.19556,
            "p(90)": 4.1122836000000005,
            "p(95)": 4.263483349999998,
            "avg": 3.8958038999999998,
            "min": 2.903923,
            "med": 3.390608
        },
        "vus_max": {
            "min": 2,
            "max": 2,
            "value": 2
        },
        "http_req_tls_handshaking": {
            "med": 0,
            "max": 0,
            "p(90)": 0,
            "p(95)": 0,
            "avg": 0,
            "min": 0
        },
        "http_req_blocked": {
            "max": 0.389714,
            "p(90)": 0.006776500000000005,
            "p(95)": 0.03141564999999894,
            "avg": 0.024196125,
            "min": 0.0034,
            "med": 0.0047575
        }
    }
}