{
    "metrics": {
        "iteration_duration": {
            "min": 5.769217,
            "med": 6.603264,
            "max": 11.176481,
            "p(90)": 7.7495,
            "p(95)": 8.144065,
            "avg": 6.853942658536585
        },
        "http_req_waiting": {
            "avg": 3.7269203902439028,
            "min": 2.988415,
            "med": 3.601271,
            "max": 5.118588,
            "p(90)": 4.634102,
            "p(95)": 4.828798
        },
        "ingest_batch_status_2xx": {
            "count": 41,
            "rate": 2.256859896916565
        },
        "data_received": {
            "count": 33620,
            "rate": 1850.625115471583
        },
        "http_req_receiving": {
            "med": 0.071286,
            "max": 0.135597,
            "p(90)": 0.104613,
            "p(95)": 0.111101,
            "avg": 0.07855319512195119,
            "min": 0.052558
        },
        "ingest_batch_expected_status": {
            "passes": 41,
            "fails": 0,
            "thresholds": {
                "rate>0.99": false
            },
            "value": 1
        },
        "checks": {
            "passes": 41,
            "fails": 0,
            "value": 1
        },
        "vus": {
            "value": 1,
            "min": 0,
            "max": 1
        },
        "http_req_duration{expected_response:true}": {
            "p(90)": 4.804352,
            "p(95)": 5.090065,
            "avg": 3.9305788292682924,
            "min": 3.157159,
            "med": 3.824363,
            "max": 5.327867
        },
        "iterations": {
            "count": 41,
            "rate": 2.256859896916565
        },
        "ingest_batch_status_202": {
            "count": 41,
            "rate": 2.256859896916565
        },
        "data_sent": {
            "rate": 84978.42642441284,
            "count": 1543789
        },
        "http_req_duration{scenario:ingest_batch}": {
            "med": 3.824363,
            "max": 5.327867,
            "p(90)": 4.804352,
            "p(95)": 5.090065,
            "avg": 3.9305788292682924,
            "min": 3.157159,
            "thresholds": {
                "p(95)<750": false,
                "p(99)<1200": false
            }
        },
        "http_req_failed": {
            "passes": 0,
            "fails": 41,
            "thresholds": {
                "rate<0.01": false
            },
            "value": 0
        },
        "http_req_blocked": {
            "p(90)": 0.005539,
            "p(95)": 0.006782,
            "avg": 0.03037846341463416,
            "min": 0.003946,
            "med": 0.004701,
            "max": 0.664989
        },
        "http_reqs": {
            "count": 41,
            "rate": 2.256859896916565
        },
        "http_req_duration": {
            "avg": 3.9305788292682924,
            "min": 3.157159,
            "med": 3.824363,
            "max": 5.327867,
            "p(90)": 4.804352,
            "p(95)": 5.090065
        },
        "http_req_connecting": {
            "p(95)": 0,
            "avg": 0.017457878048780486,
            "min": 0,
            "med": 0,
            "max": 0.569419,
            "p(90)": 0
        },
        "http_req_sending": {
            "p(90)": 0.150148,
            "p(95)": 0.164355,
            "avg": 0.12510524390243905,
            "min": 0.097179,
            "med": 0.122011,
            "max": 0.193991
        },
        "vus_max": {
            "max": 2,
            "value": 2,
            "min": 2
        },
        "dropped_iterations": {
            "count": 0,
            "rate": 0,
            "thresholds": {
                "count==0": false
            }
        },
        "http_req_tls_handshaking": {
            "avg": 0,
            "min": 0,
            "med": 0,
            "max": 0,
            "p(90)": 0,
            "p(95)": 0
        }
    },
    "root_group": {
        "id": "d41d8cd98f00b204e9800998ecf8427e",
        "groups": {},
        "checks": {
                "ingest batch matched expected status": {
                    "path": "::ingest batch matched expected status",
                    "id": "9e1098a50ce2f0b3f99f21343b12df35",
                    "passes": 41,
                    "fails": 0,
                    "name": "ingest batch matched expected status"
                }
            },
        "name": "",
        "path": ""
    }
}