{
    "metrics": {
        "http_req_waiting": {
            "avg": 15.936653,
            "min": 7.944051,
            "med": 8.7565295,
            "max": 48.495757,
            "p(90)": 30.866186499999998,
            "p(95)": 39.68097175
        },
        "dropped_iterations": {
            "count": 0,
            "rate": 0,
            "thresholds": {
                "count==0": false
            }
        },
        "http_req_sending": {
            "avg": 0.23821499999999998,
            "min": 0.119457,
            "med": 0.2610215,
            "max": 0.298465,
            "p(90)": 0.297509,
            "p(95)": 0.297987
        },
        "iteration_duration": {
            "p(90)": 39.8549485,
            "p(95)": 48.452108249999995,
            "avg": 25.486554833333333,
            "min": 16.549123,
            "med": 19.4701425,
            "max": 57.049268
        },
        "vus": {
            "value": 0,
            "min": 0,
            "max": 0
        },
        "ingest_batch_status_400": {
            "count": 6,
            "rate": 1.9537623259201837
        },
        "checks": {
            "fails": 0,
            "passes": 6,
            "value": 1
        },
        "http_req_blocked": {
            "p(95)": 0.4541655,
            "avg": 0.33618549999999997,
            "min": 0.216778,
            "med": 0.342847,
            "max": 0.467581,
            "p(90)": 0.44075
        },
        "http_req_duration": {
            "avg": 16.30919533333333,
            "min": 8.15928,
            "med": 9.133108499999999,
            "max": 48.95063,
            "p(90)": 31.2879065,
            "p(95)": 40.11926825
        },
        "data_sent": {
            "count": 842008,
            "rate": 274180.58475390036
        },
        "ingest_batch_status_4xx": {
            "rate": 1.9537623259201837,
            "count": 6
        },
        "iterations": {
            "count": 6,
            "rate": 1.9537623259201837
        },
        "http_req_tls_handshaking": {
            "avg": 0,
            "min": 0,
            "med": 0,
            "max": 0,
            "p(90)": 0,
            "p(95)": 0
        },
        "ingest_batch_expected_status": {
            "passes": 6,
            "fails": 0,
            "thresholds": {
                "rate>0.99": false
            },
            "value": 1
        },
        "vus_max": {
            "value": 50,
            "min": 50,
            "max": 50
        },
        "http_req_receiving": {
            "med": 0.132365,
            "max": 0.16218,
            "p(90)": 0.159294,
            "p(95)": 0.160737,
            "avg": 0.13432733333333333,
            "min": 0.095772
        },
        "http_req_duration{scenario:ingest_batch}": {
            "avg": 16.30919533333333,
            "min": 8.15928,
            "med": 9.133108499999999,
            "max": 48.95063,
            "p(90)": 31.2879065,
            "p(95)": 40.11926825,
            "thresholds": {
                "p(95)<750": false,
                "p(99)<1200": false
            }
        },
        "http_req_duration{expected_response:true}": {
            "min": 8.15928,
            "med": 9.133108499999999,
            "max": 48.95063,
            "p(90)": 31.2879065,
            "p(95)": 40.11926825,
            "avg": 16.30919533333333
        },
        "http_reqs": {
            "count": 6,
            "rate": 1.9537623259201837
        },
        "http_req_connecting": {
            "med": 0.14297500000000002,
            "max": 0.361792,
            "p(90)": 0.3175745,
            "p(95)": 0.33968325,
            "avg": 0.198604,
            "min": 0.131659
        },
        "data_received": {
            "count": 6072,
            "rate": 1977.207473831226
        },
        "http_req_failed": {
            "passes": 0,
            "fails": 6,
            "thresholds": {
                "rate<0.01": false
            },
            "value": 0
        }
    },
    "root_group": {
        "name": "",
        "path": "",
        "id": "d41d8cd98f00b204e9800998ecf8427e",
        "groups": {},
        "checks": {
                "ingest batch matched expected status": {
                    "id": "9e1098a50ce2f0b3f99f21343b12df35",
                    "passes": 6,
                    "fails": 0,
                    "name": "ingest batch matched expected status",
                    "path": "::ingest batch matched expected status"
                }
            }
    }
}