{
    "metrics": {
        "http_req_tls_handshaking": {
            "max": 0,
            "p(90)": 0,
            "p(95)": 0,
            "avg": 0,
            "min": 0,
            "med": 0
        },
        "http_req_waiting": {
            "med": 6.95424,
            "max": 121.113364,
            "p(90)": 9.309343,
            "p(95)": 10.334439,
            "avg": 7.470862089129506,
            "min": 0
        },
        "http_req_receiving": {
            "p(95)": 0.219688,
            "avg": 0.1272830957934192,
            "min": 0.057985,
            "med": 0.112889,
            "max": 1.359415,
            "p(90)": 0.196606
        },
        "http_reqs": {
            "count": 2401,
            "rate": 21.335046586849536
        },
        "iterations": {
            "count": 2401,
            "rate": 21.335046586849536
        },
        "http_req_duration": {
            "p(90)": 9.685661,
            "p(95)": 10.814563,
            "avg": 7.821712319033766,
            "min": 0.228227,
            "med": 7.284326,
            "max": 121.538452
        },
        "ingest_batch_expected_status": {
            "passes": 2401,
            "fails": 0,
            "thresholds": {
                "rate>0.99": false
            },
            "value": 1
        },
        "http_req_duration{scenario:ingest_batch}": {
            "p(90)": 9.685661,
            "p(95)": 10.814563,
            "avg": 7.821712319033766,
            "min": 0.228227,
            "med": 7.284326,
            "max": 121.538452,
            "thresholds": {
                "p(95)<750": false,
                "p(99)<1200": false
            }
        },
        "checks": {
            "passes": 2401,
            "fails": 0,
            "value": 1
        },
        "ingest_batch_status_202": {
            "count": 2401,
            "rate": 21.335046586849536
        },
        "iteration_duration": {
            "min": 17.141481,
            "med": 23.069223,
            "max": 137.396053,
            "p(90)": 30.504754,
            "p(95)": 33.977242,
            "avg": 24.409473229904165
        },
        "http_req_duration{expected_response:true}": {
            "max": 121.538452,
            "p(90)": 9.685661,
            "p(95)": 10.814563,
            "avg": 7.821712319033766,
            "min": 0.228227,
            "med": 7.284326
        },
        "ingest_batch_status_2xx": {
            "count": 2401,
            "rate": 21.335046586849536
        },
        "vus": {
            "max": 1,
            "value": 0,
            "min": 0
        },
        "dropped_iterations": {
            "count": 0,
            "rate": 0,
            "thresholds": {
                "count==0": false
            }
        },
        "http_req_blocked": {
            "p(95)": 0.010337,
            "avg": 0.04520164889629302,
            "min": 0.003604,
            "med": 0.005801,
            "max": 71.525499,
            "p(90)": 0.008121
        },
        "http_req_connecting": {
            "med": 0,
            "max": 71.173368,
            "p(90)": 0,
            "p(95)": 0,
            "avg": 0.03593093960849645,
            "min": 0
        },
        "data_received": {
            "count": 1971221,
            "rate": 17516.07324780347
        },
        "vus_max": {
            "value": 80,
            "min": 80,
            "max": 80
        },
        "http_req_failed": {
            "passes": 0,
            "fails": 2401,
            "thresholds": {
                "rate<0.01": false
            },
            "value": 0
        },
        "http_req_sending": {
            "avg": 0.22356713411078716,
            "min": 0.111038,
            "med": 0.162639,
            "max": 5.678287,
            "p(90)": 0.25624,
            "p(95)": 0.347129
        },
        "data_sent": {
            "count": 449159532,
            "rate": 3991186.8138890197
        }
    },
    "root_group": {
        "groups": {},
        "checks": {
                "ingest batch matched expected status": {
                    "fails": 0,
                    "name": "ingest batch matched expected status",
                    "path": "::ingest batch matched expected status",
                    "id": "9e1098a50ce2f0b3f99f21343b12df35",
                    "passes": 2401
                }
            },
        "name": "",
        "path": "",
        "id": "d41d8cd98f00b204e9800998ecf8427e"
    }
}