{
    "root_group": {
        "name": "",
        "path": "",
        "id": "d41d8cd98f00b204e9800998ecf8427e",
        "groups": {},
        "checks": {
                "ingest batch matched expected status": {
                    "fails": 0,
                    "name": "ingest batch matched expected status",
                    "path": "::ingest batch matched expected status",
                    "id": "9e1098a50ce2f0b3f99f21343b12df35",
                    "passes": 2400
                }
            }
    },
    "metrics": {
        "http_req_failed": {
            "passes": 0,
            "fails": 2400,
            "thresholds": {
                "rate<0.01": false
            },
            "value": 0
        },
        "ingest_batch_expected_status": {
            "passes": 2400,
            "fails": 0,
            "thresholds": {
                "rate>0.99": false
            },
            "value": 1
        },
        "dropped_iterations": {
            "count": 0,
            "rate": 0,
            "thresholds": {
                "count==0": false
            }
        },
        "http_req_waiting": {
            "min": 0,
            "med": 6.427925999999999,
            "max": 133.199811,
            "p(90)": 9.467540199999998,
            "p(95)": 10.926324049999996,
            "avg": 7.292886117916667
        },
        "http_req_sending": {
            "min": 0,
            "med": 0.173401,
            "max": 4.163717,
            "p(90)": 0.2960093,
            "p(95)": 0.41984275,
            "avg": 0.23647065000000056
        },
        "ingest_batch_status_2xx": {
            "count": 2400,
            "rate": 21.329795772295036
        },
        "http_req_duration": {
            "avg": 7.665495197499986,
            "min": 0.300829,
            "med": 6.7736915,
            "max": 133.542635,
            "p(90)": 9.9031568,
            "p(95)": 11.57237015
        },
        "http_req_receiving": {
            "p(95)": 0.20325704999999963,
            "avg": 0.1361384295833333,
            "min": 0.056017,
            "med": 0.1023055,
            "max": 50.799727,
            "p(90)": 0.171711
        },
        "vus_max": {
            "value": 80,
            "min": 80,
            "max": 80
        },
        "http_req_duration{scenario:ingest_batch}": {
            "p(95)": 11.57237015,
            "avg": 7.665495197499986,
            "min": 0.300829,
            "med": 6.7736915,
            "max": 133.542635,
            "p(90)": 9.9031568,
            "thresholds": {
                "p(95)<750": false,
                "p(99)<1200": false
            }
        },
        "http_req_blocked": {
            "avg": 0.05060560166666669,
            "min": 0.003435,
            "med": 0.0064165,
            "max": 77.052501,
            "p(90)": 0.0090919,
            "p(95)": 0.01680024999999992
        },
        "ingest_batch_status_202": {
            "count": 2400,
            "rate": 21.329795772295036
        },
        "checks": {
            "passes": 2400,
            "fails": 0,
            "value": 1
        },
        "data_sent": {
            "count": 448805581,
            "rate": 3988721.4100817577
        },
        "http_reqs": {
            "count": 2400,
            "rate": 21.329795772295036
        },
        "iteration_duration": {
            "max": 504.096823,
            "p(90)": 30.763235899999998,
            "p(95)": 34.57917379999999,
            "avg": 24.72787691708335,
            "min": 18.331084,
            "med": 22.858756
        },
        "http_req_connecting": {
            "max": 76.951034,
            "p(90)": 0,
            "p(95)": 0,
            "avg": 0.04030631250000001,
            "min": 0,
            "med": 0
        },
        "iterations": {
            "count": 2400,
            "rate": 21.329795772295036
        },
        "http_req_duration{expected_response:true}": {
            "p(95)": 11.57237015,
            "avg": 7.665495197499986,
            "min": 0.300829,
            "med": 6.7736915,
            "max": 133.542635,
            "p(90)": 9.9031568
        },
        "http_req_tls_handshaking": {
            "p(95)": 0,
            "avg": 0,
            "min": 0,
            "med": 0,
            "max": 0,
            "p(90)": 0
        },
        "vus": {
            "value": 0,
            "min": 0,
            "max": 2
        },
        "data_received": {
            "count": 1970400,
            "rate": 17511.762329054225
        }
    }
}