{
    "root_group": {
        "groups": {},
        "checks": {
                "ingest batch matched expected status": {
                    "id": "9e1098a50ce2f0b3f99f21343b12df35",
                    "passes": 2400,
                    "fails": 0,
                    "name": "ingest batch matched expected status",
                    "path": "::ingest batch matched expected status"
                }
            },
        "name": "",
        "path": "",
        "id": "d41d8cd98f00b204e9800998ecf8427e"
    },
    "metrics": {
        "ingest_batch_status_202": {
            "count": 2400,
            "rate": 21.329733507194213
        },
        "http_req_tls_handshaking": {
            "avg": 0,
            "min": 0,
            "med": 0,
            "max": 0,
            "p(90)": 0,
            "p(95)": 0
        },
        "http_req_sending": {
            "avg": 0.22071043958333372,
            "min": 0.102052,
            "med": 0.1593185,
            "max": 5.26712,
            "p(90)": 0.2726588999999999,
            "p(95)": 0.3700626499999995
        },
        "dropped_iterations": {
            "count": 0,
            "rate": 0,
            "thresholds": {
                "count==0": false
            }
        },
        "vus": {
            "value": 0,
            "min": 0,
            "max": 0
        },
        "vus_max": {
            "value": 80,
            "min": 80,
            "max": 80
        },
        "http_req_receiving": {
            "avg": 0.11409118333333336,
            "min": 0.051577,
            "med": 0.100477,
            "max": 2.559099,
            "p(90)": 0.17718959999999995,
            "p(95)": 0.20519469999999998
        },
        "ingest_batch_status_2xx": {
            "count": 2400,
            "rate": 21.329733507194213
        },
        "http_req_duration{scenario:ingest_batch}": {
            "p(95)": 10.4468765,
            "avg": 7.520233609999999,
            "min": 4.284155,
            "med": 6.9442985,
            "max": 115.355217,
            "p(90)": 9.2766195,
            "thresholds": {
                "p(95)<750": false,
                "p(99)<1200": false
            }
        },
        "http_req_connecting": {
            "med": 0,
            "max": 94.659489,
            "p(90)": 0,
            "p(95)": 0,
            "avg": 0.046198003333333314,
            "min": 0
        },
        "checks": {
            "passes": 2400,
            "fails": 0,
            "value": 1
        },
        "data_sent": {
            "rate": 3982316.916397613,
            "count": 448086264
        },
        "http_reqs": {
            "count": 2400,
            "rate": 21.329733507194213
        },
        "ingest_batch_expected_status": {
            "passes": 2400,
            "fails": 0,
            "thresholds": {
                "rate>0.99": false
            },
            "value": 1
        },
        "http_req_duration": {
            "med": 6.9442985,
            "max": 115.355217,
            "p(90)": 9.2766195,
            "p(95)": 10.4468765,
            "avg": 7.520233609999999,
            "min": 4.284155
        },
        "http_req_blocked": {
            "p(95)": 0.012647099999999797,
            "avg": 0.055314708750000025,
            "min": 0.003122,
            "med": 0.005348,
            "max": 94.768687,
            "p(90)": 0.008440099999999997
        },
        "data_received": {
            "count": 1970400,
            "rate": 17511.711209406447
        },
        "iteration_duration": {
            "avg": 23.907628334583343,
            "min": 16.738656,
            "med": 22.249676,
            "max": 133.61694,
            "p(90)": 30.1572628,
            "p(95)": 34.17322569999999
        },
        "iterations": {
            "count": 2400,
            "rate": 21.329733507194213
        },
        "http_req_duration{expected_response:true}": {
            "max": 115.355217,
            "p(90)": 9.2766195,
            "p(95)": 10.4468765,
            "avg": 7.520233609999999,
            "min": 4.284155,
            "med": 6.9442985
        },
        "http_req_failed": {
            "fails": 2400,
            "passes": 0,
            "thresholds": {
                "rate<0.01": false
            },
            "value": 0
        },
        "http_req_waiting": {
            "avg": 7.185431987083335,
            "min": 3.384377,
            "med": 6.628458,
            "max": 114.998521,
            "p(90)": 8.9257582,
            "p(95)": 10.099330049999999
        }
    }
}