{
    "root_group": {
        "name": "",
        "path": "",
        "id": "d41d8cd98f00b204e9800998ecf8427e",
        "groups": {},
        "checks": {
                "ingest batch matched expected status": {
                    "name": "ingest batch matched expected status",
                    "path": "::ingest batch matched expected status",
                    "id": "9e1098a50ce2f0b3f99f21343b12df35",
                    "passes": 4500,
                    "fails": 0
                }
            }
    },
    "metrics": {
        "http_req_duration{expected_response:true}": {
            "max": 34.215826,
            "p(90)": 7.7073293,
            "p(95)": 8.538170950000003,
            "avg": 6.238925496222208,
            "min": 0.23196,
            "med": 5.978511
        },
        "ingest_batch_status_2xx": {
            "count": 4500,
            "rate": 15.988525310245352
        },
        "ingest_batch_status_202": {
            "count": 4500,
            "rate": 15.988525310245352
        },
        "data_sent": {
            "count": 840515891,
            "rate": 2986357.688203761
        },
        "http_reqs": {
            "count": 4500,
            "rate": 15.988525310245352
        },
        "vus_max": {
            "value": 60,
            "min": 60,
            "max": 60
        },
        "http_req_blocked": {
            "min": 0.002695,
            "med": 0.00569,
            "max": 63.345696,
            "p(90)": 0.0075052,
            "p(95)": 0.008984150000000002,
            "avg": 0.024603150222222328
        },
        "checks": {
            "passes": 4500,
            "fails": 0,
            "value": 1
        },
        "http_req_failed": {
            "passes": 0,
            "fails": 4500,
            "thresholds": {
                "rate<0.01": false
            },
            "value": 0
        },
        "dropped_iterations": {
            "count": 0,
            "rate": 0,
            "thresholds": {
                "count==0": false
            }
        },
        "http_req_tls_handshaking": {
            "avg": 0,
            "min": 0,
            "med": 0,
            "max": 0,
            "p(90)": 0,
            "p(95)": 0
        },
        "http_req_sending": {
            "p(95)": 0.2898628,
            "avg": 0.18171342066666674,
            "min": 0.108378,
            "med": 0.15266849999999998,
            "max": 4.026257,
            "p(90)": 0.22272179999999991
        },
        "vus": {
            "value": 0,
            "min": 0,
            "max": 0
        },
        "iterations": {
            "count": 4500,
            "rate": 15.988525310245352
        },
        "http_req_waiting": {
            "med": 5.7088125000000005,
            "max": 33.941573,
            "p(90)": 7.3965992,
            "p(95)": 8.186352050000002,
            "avg": 5.958918378888915,
            "min": 0
        },
        "http_req_connecting": {
            "avg": 0.016831632666666665,
            "min": 0,
            "med": 0,
            "max": 63.195937,
            "p(90)": 0,
            "p(95)": 0
        },
        "data_received": {
            "rate": 13126.579279711435,
            "count": 3694500
        },
        "iteration_duration": {
            "med": 20.411462999999998,
            "max": 94.250927,
            "p(90)": 24.050687399999997,
            "p(95)": 26.1245946,
            "avg": 20.876583216444438,
            "min": 16.433845
        },
        "http_req_receiving": {
            "med": 0.091983,
            "max": 1.146542,
            "p(90)": 0.1287029,
            "p(95)": 0.1593510000000001,
            "avg": 0.09829369666666672,
            "min": 0.039909
        },
        "http_req_duration": {
            "p(90)": 7.7073293,
            "p(95)": 8.538170950000003,
            "avg": 6.238925496222208,
            "min": 0.23196,
            "med": 5.978511,
            "max": 34.215826
        },
        "http_req_duration{scenario:ingest_batch}": {
            "avg": 6.238925496222208,
            "min": 0.23196,
            "med": 5.978511,
            "max": 34.215826,
            "p(90)": 7.7073293,
            "p(95)": 8.538170950000003,
            "thresholds": {
                "p(99)<1200": false,
                "p(95)<750": false
            }
        },
        "ingest_batch_expected_status": {
            "passes": 4500,
            "fails": 0,
            "thresholds": {
                "rate>0.99": false
            },
            "value": 1
        }
    }
}