{
    "root_group": {
        "name": "",
        "path": "",
        "id": "d41d8cd98f00b204e9800998ecf8427e",
        "groups": {},
        "checks": {
                "ingest batch matched expected status": {
                    "name": "ingest batch matched expected status",
                    "path": "::ingest batch matched expected status",
                    "id": "9e1098a50ce2f0b3f99f21343b12df35",
                    "passes": 3001,
                    "fails": 0
                }
            }
    },
    "metrics": {
        "iterations": {
            "count": 3001,
            "rate": 10.661935742714249
        },
        "http_req_duration": {
            "avg": 6.170979801066321,
            "min": 0.207657,
            "med": 6.009799,
            "max": 35.369118,
            "p(90)": 7.331835,
            "p(95)": 8.061986
        },
        "data_received": {
            "count": 2463821,
            "rate": 8753.449244768399
        },
        "ingest_batch_expected_status": {
            "passes": 3001,
            "fails": 0,
            "thresholds": {
                "rate>0.99": false
            },
            "value": 1
        },
        "ingest_batch_status_2xx": {
            "count": 3001,
            "rate": 10.661935742714249
        },
        "http_req_tls_handshaking": {
            "p(95)": 0,
            "avg": 0,
            "min": 0,
            "med": 0,
            "max": 0,
            "p(90)": 0
        },
        "http_req_receiving": {
            "avg": 0.10242767444185287,
            "min": 0.045009,
            "med": 0.091464,
            "max": 1.707107,
            "p(90)": 0.138578,
            "p(95)": 0.178535
        },
        "iteration_duration": {
            "p(90)": 23.367391,
            "p(95)": 24.97995,
            "avg": 20.473441406198,
            "min": 16.932923,
            "med": 19.889833,
            "max": 52.603955
        },
        "ingest_batch_status_202": {
            "count": 3001,
            "rate": 10.661935742714249
        },
        "http_req_duration{expected_response:true}": {
            "avg": 6.170979801066321,
            "min": 0.207657,
            "med": 6.009799,
            "max": 35.369118,
            "p(90)": 7.331835,
            "p(95)": 8.061986
        },
        "http_req_waiting": {
            "avg": 5.883894826057977,
            "min": 0,
            "med": 5.730946,
            "max": 35.074596,
            "p(90)": 7.010953,
            "p(95)": 7.732822
        },
        "http_req_connecting": {
            "avg": 0.003342389870043318,
            "min": 0,
            "med": 0,
            "max": 0.330033,
            "p(90)": 0,
            "p(95)": 0
        },
        "http_reqs": {
            "count": 3001,
            "rate": 10.661935742714249
        },
        "vus": {
            "value": 0,
            "min": 0,
            "max": 0
        },
        "http_req_blocked": {
            "avg": 0.010774710096634482,
            "min": 0.002849,
            "med": 0.005399,
            "max": 0.504255,
            "p(90)": 0.006994,
            "p(95)": 0.008245
        },
        "http_req_sending": {
            "med": 0.156671,
            "max": 2.630254,
            "p(90)": 0.216995,
            "p(95)": 0.279838,
            "avg": 0.1846573005664781,
            "min": 0.093832
        },
        "data_sent": {
            "count": 560239365,
            "rate": 1990415.231645796
        },
        "checks": {
            "passes": 3001,
            "fails": 0,
            "value": 1
        },
        "http_req_failed": {
            "passes": 0,
            "fails": 3001,
            "thresholds": {
                "rate<0.01": false
            },
            "value": 0
        },
        "http_req_duration{scenario:ingest_batch}": {
            "p(95)": 8.061986,
            "avg": 6.170979801066321,
            "min": 0.207657,
            "med": 6.009799,
            "max": 35.369118,
            "p(90)": 7.331835,
            "thresholds": {
                "p(95)<750": false,
                "p(99)<1200": false
            }
        },
        "dropped_iterations": {
            "count": 0,
            "rate": 0,
            "thresholds": {
                "count==0": false
            }
        },
        "vus_max": {
            "value": 50,
            "min": 50,
            "max": 50
        }
    }
}