{
    "root_group": {
        "id": "d41d8cd98f00b204e9800998ecf8427e",
        "groups": {},
        "checks": {
                "ingest batch matched expected status": {
                    "passes": 9001,
                    "fails": 0,
                    "name": "ingest batch matched expected status",
                    "path": "::ingest batch matched expected status",
                    "id": "9e1098a50ce2f0b3f99f21343b12df35"
                }
            },
        "name": "",
        "path": ""
    },
    "metrics": {
        "dropped_iterations": {
            "count": 0,
            "rate": 0,
            "thresholds": {
                "count==0": false
            }
        },
        "http_req_failed": {
            "passes": 0,
            "fails": 9001,
            "thresholds": {
                "rate<0.01": false
            },
            "value": 0
        },
        "http_req_blocked": {
            "med": 0.005593,
            "max": 84.742857,
            "p(90)": 0.007298,
            "p(95)": 0.008507,
            "avg": 0.020362053994000703,
            "min": 0.002914
        },
        "ingest_batch_status_2xx": {
            "count": 9001,
            "rate": 15.997068965249204
        },
        "http_req_duration": {
            "p(95)": 8.625179,
            "avg": 6.646652164092898,
            "min": 0.195353,
            "med": 6.068876,
            "max": 164.084369,
            "p(90)": 7.67128
        },
        "http_req_waiting": {
            "p(90)": 7.361444,
            "p(95)": 8.279933,
            "avg": 6.366443383957357,
            "min": 0,
            "med": 5.800154,
            "max": 163.787972
        },
        "http_req_receiving": {
            "med": 0.097439,
            "max": 1.625687,
            "p(90)": 0.146752,
            "p(95)": 0.187883,
            "avg": 0.1072512061993111,
            "min": 0.017873
        },
        "http_req_sending": {
            "avg": 0.17295757393622918,
            "min": 0.101161,
            "med": 0.151753,
            "max": 3.533976,
            "p(90)": 0.210573,
            "p(95)": 0.262429
        },
        "vus_max": {
            "value": 60,
            "min": 60,
            "max": 60
        },
        "ingest_batch_expected_status": {
            "passes": 9001,
            "fails": 0,
            "thresholds": {
                "rate>0.99": false
            },
            "value": 1
        },
        "checks": {
            "passes": 9001,
            "fails": 0,
            "value": 1
        },
        "data_received": {
            "count": 7389821,
            "rate": 13133.593620469597
        },
        "data_sent": {
            "count": 1687860424,
            "rate": 2999757.760964644
        },
        "http_req_tls_handshaking": {
            "med": 0,
            "max": 0,
            "p(90)": 0,
            "p(95)": 0,
            "avg": 0,
            "min": 0
        },
        "ingest_batch_status_202": {
            "count": 9001,
            "rate": 15.997068965249204
        },
        "http_reqs": {
            "count": 9001,
            "rate": 15.997068965249204
        },
        "iterations": {
            "count": 9001,
            "rate": 15.997068965249204
        },
        "http_req_duration{expected_response:true}": {
            "p(95)": 8.625179,
            "avg": 6.646652164092898,
            "min": 0.195353,
            "med": 6.068876,
            "max": 164.084369,
            "p(90)": 7.67128
        },
        "iteration_duration": {
            "avg": 20.886873846572563,
            "min": 16.856589,
            "med": 20.090432,
            "max": 181.150116,
            "p(90)": 23.684027,
            "p(95)": 25.540622
        },
        "vus": {
            "value": 0,
            "min": 0,
            "max": 0
        },
        "http_req_duration{scenario:ingest_batch}": {
            "avg": 6.646652164092898,
            "min": 0.195353,
            "med": 6.068876,
            "max": 164.084369,
            "p(90)": 7.67128,
            "p(95)": 8.625179,
            "thresholds": {
                "p(95)<750": false,
                "p(99)<1200": false
            }
        },
        "http_req_connecting": {
            "med": 0,
            "max": 84.635626,
            "p(90)": 0,
            "p(95)": 0,
            "avg": 0.013589737029218976,
            "min": 0
        }
    }
}