{
    "root_group": {
        "name": "",
        "path": "",
        "id": "d41d8cd98f00b204e9800998ecf8427e",
        "groups": {},
        "checks": {
                "ingest batch matched expected status": {
                    "name": "ingest batch matched expected status",
                    "path": "::ingest batch matched expected status",
                    "id": "9e1098a50ce2f0b3f99f21343b12df35",
                    "passes": 0,
                    "fails": 11642
                }
            }
    },
    "metrics": {
        "vus_max": {
            "value": 200,
            "min": 200,
            "max": 200
        },
        "ingest_batch_expected_status": {
            "passes": 0,
            "fails": 11642,
            "thresholds": {
                "rate>0.99": true
            },
            "value": 0
        },
        "http_req_blocked": {
            "p(90)": 0.006387,
            "p(95)": 0.007136899999999998,
            "avg": 0.03418716354578233,
            "min": 0.002196,
            "med": 0.0045325,
            "max": 58.293542
        },
        "http_req_duration": {
            "max": 58.30982,
            "p(90)": 4.902421899999999,
            "p(95)": 5.712809749999989,
            "avg": 3.3037090950867736,
            "min": 0.226884,
            "med": 2.9278905
        },
        "http_req_duration{scenario:ingest_batch}": {
            "max": 58.30982,
            "p(90)": 4.902421899999999,
            "p(95)": 5.712809749999989,
            "avg": 3.3037090950867736,
            "min": 0.226884,
            "med": 2.9278905,
            "thresholds": {
                "p(99)<1200": false,
                "p(95)<750": false
            }
        },
        "iterations": {
            "count": 11642,
            "rate": 106.68054095710704
        },
        "dropped_iterations": {
            "count": 0,
            "rate": 0,
            "thresholds": {
                "count==0": false
            }
        },
        "http_req_connecting": {
            "min": 0,
            "med": 0,
            "max": 58.204731,
            "p(90)": 0,
            "p(95)": 0,
            "avg": 0.027937419171963566
        },
        "http_req_failed": {
            "passes": 11642,
            "fails": 0,
            "thresholds": {
                "rate<0.01": true
            },
            "value": 1
        },
        "data_received": {
            "count": 5541565,
            "rate": 50779.69008323062
        },
        "iteration_duration": {
            "avg": 9.816727457137961,
            "min": 6.920579,
            "med": 9.363429,
            "max": 75.352955,
            "p(90)": 12.1965881,
            "p(95)": 13.442663499999998
        },
        "http_req_receiving": {
            "med": 0.062396999999999994,
            "max": 1.729431,
            "p(90)": 0.0879363,
            "p(95)": 0.09910354999999997,
            "avg": 0.066827500858959,
            "min": 0.01975
        },
        "vus": {
            "value": 1,
            "min": 1,
            "max": 2
        },
        "http_reqs": {
            "count": 11642,
            "rate": 106.68054095710704
        },
        "http_req_sending": {
            "avg": 0.15282123621370866,
            "min": 0.080169,
            "med": 0.1347295,
            "max": 6.331688,
            "p(90)": 0.185572,
            "p(95)": 0.21384169999999997
        },
        "http_req_waiting": {
            "min": 0,
            "med": 2.7064565,
            "max": 58.14617,
            "p(90)": 4.632125299999999,
            "p(95)": 5.416444799999996,
            "avg": 3.0840603580141015
        },
        "http_req_tls_handshaking": {
            "med": 0,
            "max": 0,
            "p(90)": 0,
            "p(95)": 0,
            "avg": 0,
            "min": 0
        },
        "checks": {
            "passes": 0,
            "fails": 11642,
            "value": 0
        },
        "data_sent": {
            "count": 1722567244,
            "rate": 15784607.921741368
        }
    }
}