{
    "metrics": {
        "http_reqs": {
            "count": 2401,
            "rate": 21.282444875951217
        },
        "http_req_duration": {
            "med": 6.628878,
            "max": 99.551187,
            "p(90)": 8.891636,
            "p(95)": 9.988768,
            "avg": 7.148374413577665,
            "min": 0.254584
        },
        "http_req_failed": {
            "passes": 0,
            "fails": 2401,
            "thresholds": {
                "rate<0.01": false
            },
            "value": 0
        },
        "http_req_connecting": {
            "max": 100.949068,
            "p(90)": 0,
            "p(95)": 0,
            "avg": 0.04884620366513952,
            "min": 0,
            "med": 0
        },
        "checks": {
            "passes": 2401,
            "fails": 0,
            "value": 1
        },
        "iteration_duration": {
            "avg": 22.698860665139556,
            "min": 16.888133,
            "med": 21.639489,
            "max": 124.95153,
            "p(90)": 27.470149,
            "p(95)": 30.251524
        },
        "iterations": {
            "count": 2401,
            "rate": 21.282444875951217
        },
        "vus_max": {
            "min": 80,
            "max": 80,
            "value": 80
        },
        "http_req_sending": {
            "min": 0.096309,
            "med": 0.159011,
            "max": 3.980957,
            "p(90)": 0.262098,
            "p(95)": 0.343137,
            "avg": 0.22243596668054957
        },
        "data_received": {
            "count": 1971221,
            "rate": 17472.88724315595
        },
        "vus": {
            "max": 2,
            "value": 0,
            "min": 0
        },
        "http_req_receiving": {
            "max": 0.868451,
            "p(90)": 0.141445,
            "p(95)": 0.180228,
            "avg": 0.09527185922532275,
            "min": 0.040318,
            "med": 0.084494
        },
        "http_req_duration{scenario:ingest_batch}": {
            "p(90)": 8.891636,
            "p(95)": 9.988768,
            "avg": 7.148374413577665,
            "min": 0.254584,
            "med": 6.628878,
            "max": 99.551187,
            "thresholds": {
                "p(95)<750": false,
                "p(99)<1200": false
            }
        },
        "ingest_batch_expected_status": {
            "fails": 0,
            "passes": 2401,
            "thresholds": {
                "rate>0.99": false
            },
            "value": 1
        },
        "data_sent": {
            "count": 450292897,
            "rate": 3991392.6524093626
        },
        "http_req_duration{expected_response:true}": {
            "p(90)": 8.891636,
            "p(95)": 9.988768,
            "avg": 7.148374413577665,
            "min": 0.254584,
            "med": 6.628878,
            "max": 99.551187
        },
        "dropped_iterations": {
            "count": 0,
            "rate": 0,
            "thresholds": {
                "count==0": false
            }
        },
        "ingest_batch_status_202": {
            "count": 2401,
            "rate": 21.282444875951217
        },
        "http_req_blocked": {
            "avg": 0.05835660807996669,
            "min": 0.002949,
            "med": 0.005277,
            "max": 101.041919,
            "p(90)": 0.008244,
            "p(95)": 0.011403
        },
        "http_req_waiting": {
            "avg": 6.830666587671794,
            "min": 0,
            "med": 6.338544,
            "max": 99.247851,
            "p(90)": 8.524455,
            "p(95)": 9.58219
        },
        "http_req_tls_handshaking": {
            "max": 0,
            "p(90)": 0,
            "p(95)": 0,
            "avg": 0,
            "min": 0,
            "med": 0
        },
        "ingest_batch_status_2xx": {
            "count": 2401,
            "rate": 21.282444875951217
        }
    },
    "root_group": {
        "name": "",
        "path": "",
        "id": "d41d8cd98f00b204e9800998ecf8427e",
        "groups": {},
        "checks": {
                "ingest batch matched expected status": {
                    "path": "::ingest batch matched expected status",
                    "id": "9e1098a50ce2f0b3f99f21343b12df35",
                    "passes": 2401,
                    "fails": 0,
                    "name": "ingest batch matched expected status"
                }
            }
    }
}