{
    "metrics": {
        "ingest_batch_status_2xx": {
            "count": 2401,
            "rate": 21.278995941581
        },
        "http_req_receiving": {
            "avg": 0.132813622240733,
            "min": 0.037721,
            "med": 0.115722,
            "max": 2.581524,
            "p(90)": 0.205392,
            "p(95)": 0.225815
        },
        "vus_max": {
            "value": 80,
            "min": 80,
            "max": 80
        },
        "ingest_batch_expected_status": {
            "passes": 2401,
            "fails": 0,
            "thresholds": {
                "rate>0.99": false
            },
            "value": 1
        },
        "http_req_tls_handshaking": {
            "avg": 0,
            "min": 0,
            "med": 0,
            "max": 0,
            "p(90)": 0,
            "p(95)": 0
        },
        "data_sent": {
            "count": 452787622,
            "rate": 4012855.464779722
        },
        "iteration_duration": {
            "avg": 23.48456739441899,
            "min": 18.186132,
            "med": 22.499284,
            "max": 117.401556,
            "p(90)": 28.124781,
            "p(95)": 30.605374
        },
        "http_req_blocked": {
            "p(95)": 0.010854,
            "avg": 0.05347835735110366,
            "min": 0.002584,
            "med": 0.004629,
            "max": 72.278897,
            "p(90)": 0.007128
        },
        "checks": {
            "passes": 2401,
            "fails": 0,
            "value": 1
        },
        "http_req_failed": {
            "passes": 0,
            "fails": 2401,
            "thresholds": {
                "rate<0.01": false
            },
            "value": 0
        },
        "http_reqs": {
            "count": 2401,
            "rate": 21.278995941581
        },
        "vus": {
            "value": 0,
            "min": 0,
            "max": 2
        },
        "ingest_batch_status_202": {
            "rate": 21.278995941581,
            "count": 2401
        },
        "http_req_sending": {
            "p(90)": 0.230118,
            "p(95)": 0.309191,
            "avg": 0.20312634777176186,
            "min": 0.102646,
            "med": 0.149776,
            "max": 8.605958
        },
        "http_req_duration": {
            "avg": 7.6345201270304095,
            "min": 4.779749,
            "med": 7.178546,
            "max": 94.736571,
            "p(90)": 9.374216,
            "p(95)": 10.425042
        },
        "http_req_connecting": {
            "p(95)": 0,
            "avg": 0.04518761266139109,
            "min": 0,
            "med": 0,
            "max": 72.198207,
            "p(90)": 0
        },
        "http_req_duration{scenario:ingest_batch}": {
            "avg": 7.6345201270304095,
            "min": 4.779749,
            "med": 7.178546,
            "max": 94.736571,
            "p(90)": 9.374216,
            "p(95)": 10.425042,
            "thresholds": {
                "p(95)<750": false,
                "p(99)<1200": false
            }
        },
        "iterations": {
            "count": 2401,
            "rate": 21.278995941581
        },
        "dropped_iterations": {
            "count": 0,
            "rate": 0,
            "thresholds": {
                "count==0": false
            }
        },
        "http_req_waiting": {
            "max": 94.352237,
            "p(90)": 8.993755,
            "p(95)": 9.991557,
            "avg": 7.298580157017914,
            "min": 3.654119,
            "med": 6.835271
        },
        "http_req_duration{expected_response:true}": {
            "avg": 7.6345201270304095,
            "min": 4.779749,
            "med": 7.178546,
            "max": 94.736571,
            "p(90)": 9.374216,
            "p(95)": 10.425042
        },
        "data_received": {
            "count": 1971221,
            "rate": 17470.055668038003
        }
    },
    "root_group": {
        "groups": {},
        "checks": {
                "ingest batch matched expected status": {
                    "name": "ingest batch matched expected status",
                    "path": "::ingest batch matched expected status",
                    "id": "9e1098a50ce2f0b3f99f21343b12df35",
                    "passes": 2401,
                    "fails": 0
                }
            },
        "name": "",
        "path": "",
        "id": "d41d8cd98f00b204e9800998ecf8427e"
    }
}