{
    "metrics": {
        "http_req_failed": {
            "passes": 0,
            "fails": 2400,
            "thresholds": {
                "rate<0.01": false
            },
            "value": 0
        },
        "ingest_batch_expected_status": {
            "passes": 2400,
            "fails": 0,
            "thresholds": {
                "rate>0.99": false
            },
            "value": 1
        },
        "http_req_duration": {
            "p(90)": 7.9416079,
            "p(95)": 8.830312749999994,
            "avg": 6.550188462083329,
            "min": 0.194395,
            "med": 6.2394169999999995,
            "max": 64.735605
        },
        "http_req_receiving": {
            "med": 0.1026985,
            "max": 1.281705,
            "p(90)": 0.174509,
            "p(95)": 0.20637174999999985,
            "avg": 0.11589626500000011,
            "min": 0.048023
        },
        "http_req_waiting": {
            "med": 5.92318,
            "max": 55.834985,
            "p(90)": 7.5782064,
            "p(95)": 8.379439799999997,
            "avg": 6.209629669166673,
            "min": 0
        },
        "data_sent": {
            "count": 385286276,
            "rate": 3422156.6932366714
        },
        "http_reqs": {
            "count": 2400,
            "rate": 21.31707401840602
        },
        "iterations": {
            "rate": 21.31707401840602,
            "count": 2400
        },
        "http_req_sending": {
            "p(95)": 0.35457804999999826,
            "avg": 0.22466252791666644,
            "min": 0.100893,
            "med": 0.1492925,
            "max": 8.784563,
            "p(90)": 0.24504019999999996
        },
        "checks": {
            "passes": 2400,
            "fails": 0,
            "value": 1
        },
        "http_req_tls_handshaking": {
            "p(90)": 0,
            "p(95)": 0,
            "avg": 0,
            "min": 0,
            "med": 0,
            "max": 0
        },
        "vus": {
            "value": 0,
            "min": 0,
            "max": 2
        },
        "http_req_blocked": {
            "min": 0.003173,
            "med": 0.0051605,
            "max": 86.274044,
            "p(90)": 0.007803,
            "p(95)": 0.010848249999999983,
            "avg": 0.06651664624999988
        },
        "ingest_batch_status_2xx": {
            "count": 2400,
            "rate": 21.31707401840602
        },
        "ingest_batch_status_202": {
            "count": 2400,
            "rate": 21.31707401840602
        },
        "http_req_connecting": {
            "p(90)": 0,
            "p(95)": 0,
            "avg": 0.05738385000000001,
            "min": 0,
            "med": 0,
            "max": 86.191184
        },
        "vus_max": {
            "min": 80,
            "max": 80,
            "value": 80
        },
        "http_req_duration{scenario:ingest_batch}": {
            "min": 0.194395,
            "med": 6.2394169999999995,
            "max": 64.735605,
            "p(90)": 7.9416079,
            "p(95)": 8.830312749999994,
            "avg": 6.550188462083329,
            "thresholds": {
                "p(95)<750": false,
                "p(99)<1200": false
            }
        },
        "dropped_iterations": {
            "count": 0,
            "rate": 0,
            "thresholds": {
                "count==0": false
            }
        },
        "data_received": {
            "count": 1970400,
            "rate": 17501.317769111345
        },
        "iteration_duration": {
            "p(95)": 24.561590799999994,
            "avg": 19.031343237499996,
            "min": 13.872526,
            "med": 18.234285999999997,
            "max": 103.451433,
            "p(90)": 22.6401121
        },
        "http_req_duration{expected_response:true}": {
            "avg": 6.550188462083329,
            "min": 0.194395,
            "med": 6.2394169999999995,
            "max": 64.735605,
            "p(90)": 7.9416079,
            "p(95)": 8.830312749999994
        }
    },
    "root_group": {
        "path": "",
        "id": "d41d8cd98f00b204e9800998ecf8427e",
        "groups": {},
        "checks": {
                "ingest batch matched expected status": {
                    "id": "9e1098a50ce2f0b3f99f21343b12df35",
                    "passes": 2400,
                    "fails": 0,
                    "name": "ingest batch matched expected status",
                    "path": "::ingest batch matched expected status"
                }
            },
        "name": ""
    }
}