{
    "root_group": {
        "name": "",
        "path": "",
        "id": "d41d8cd98f00b204e9800998ecf8427e",
        "groups": {},
        "checks": {
                "ingest batch matched expected status": {
                    "name": "ingest batch matched expected status",
                    "path": "::ingest batch matched expected status",
                    "id": "9e1098a50ce2f0b3f99f21343b12df35",
                    "passes": 2401,
                    "fails": 0
                }
            }
    },
    "metrics": {
        "ingest_batch_expected_status": {
            "passes": 2401,
            "fails": 0,
            "thresholds": {
                "rate>0.99": false
            },
            "value": 1
        },
        "http_req_connecting": {
            "med": 0,
            "max": 41.353342,
            "p(90)": 0,
            "p(95)": 0,
            "avg": 0.022833189504373175,
            "min": 0
        },
        "http_req_tls_handshaking": {
            "min": 0,
            "med": 0,
            "max": 0,
            "p(90)": 0,
            "p(95)": 0,
            "avg": 0
        },
        "data_sent": {
            "count": 385117487,
            "rate": 3420179.6021916964
        },
        "iterations": {
            "count": 2401,
            "rate": 21.322976759199364
        },
        "http_req_failed": {
            "passes": 0,
            "fails": 2401,
            "thresholds": {
                "rate<0.01": false
            },
            "value": 0
        },
        "http_req_duration{scenario:ingest_batch}": {
            "min": 4.06636,
            "med": 5.669335,
            "max": 49.516782,
            "p(90)": 7.867278,
            "p(95)": 8.841113,
            "avg": 6.1597094868804625,
            "thresholds": {
                "p(99)<1200": false,
                "p(95)<750": false
            }
        },
        "http_req_waiting": {
            "avg": 5.832491257392751,
            "min": 2.77889,
            "med": 5.343663,
            "max": 49.305705,
            "p(90)": 7.51736,
            "p(95)": 8.482616
        },
        "checks": {
            "passes": 2401,
            "fails": 0,
            "value": 1
        },
        "iteration_duration": {
            "max": 61.912308,
            "p(90)": 21.617377,
            "p(95)": 23.645721,
            "avg": 17.753193726364053,
            "min": 13.778214,
            "med": 16.870187
        },
        "http_req_duration{expected_response:true}": {
            "max": 49.516782,
            "p(90)": 7.867278,
            "p(95)": 8.841113,
            "avg": 6.1597094868804625,
            "min": 4.06636,
            "med": 5.669335
        },
        "http_req_sending": {
            "p(90)": 0.216979,
            "p(95)": 0.328262,
            "avg": 0.20911097084548083,
            "min": 0.098341,
            "med": 0.140745,
            "max": 4.183707
        },
        "ingest_batch_status_2xx": {
            "rate": 21.322976759199364,
            "count": 2401
        },
        "data_received": {
            "count": 1971221,
            "rate": 17506.16391930268
        },
        "vus": {
            "value": 0,
            "min": 0,
            "max": 0
        },
        "vus_max": {
            "value": 80,
            "min": 80,
            "max": 80
        },
        "http_reqs": {
            "count": 2401,
            "rate": 21.322976759199364
        },
        "http_req_blocked": {
            "avg": 0.030705883798417214,
            "min": 0.002941,
            "med": 0.004644,
            "max": 41.448195,
            "p(90)": 0.006511,
            "p(95)": 0.00871
        },
        "http_req_receiving": {
            "avg": 0.11810725864223252,
            "min": 0.03978,
            "med": 0.103164,
            "max": 1.323326,
            "p(90)": 0.184343,
            "p(95)": 0.209121
        },
        "dropped_iterations": {
            "count": 0,
            "rate": 0,
            "thresholds": {
                "count==0": false
            }
        },
        "http_req_duration": {
            "med": 5.669335,
            "max": 49.516782,
            "p(90)": 7.867278,
            "p(95)": 8.841113,
            "avg": 6.1597094868804625,
            "min": 4.06636
        },
        "ingest_batch_status_202": {
            "count": 2401,
            "rate": 21.322976759199364
        }
    }
}