{
    "root_group": {
        "path": "",
        "id": "d41d8cd98f00b204e9800998ecf8427e",
        "groups": {},
        "checks": {
                "ingest batch matched expected status": {
                    "name": "ingest batch matched expected status",
                    "path": "::ingest batch matched expected status",
                    "id": "9e1098a50ce2f0b3f99f21343b12df35",
                    "passes": 4501,
                    "fails": 0
                }
            },
        "name": ""
    },
    "metrics": {
        "http_req_failed": {
            "passes": 0,
            "fails": 4501,
            "thresholds": {
                "rate<0.01": false
            },
            "value": 0
        },
        "http_req_duration{expected_response:true}": {
            "avg": 6.056116967784942,
            "min": 0.199368,
            "med": 5.519408,
            "max": 155.583351,
            "p(90)": 7.429561,
            "p(95)": 8.374567
        },
        "data_received": {
            "count": 3695321,
            "rate": 13144.875186885793
        },
        "checks": {
            "passes": 4501,
            "fails": 0,
            "value": 1
        },
        "iterations": {
            "count": 4501,
            "rate": 16.010810215451635
        },
        "vus_max": {
            "value": 60,
            "min": 60,
            "max": 60
        },
        "ingest_batch_expected_status": {
            "passes": 4501,
            "fails": 0,
            "thresholds": {
                "rate>0.99": false
            },
            "value": 1
        },
        "http_req_sending": {
            "avg": 0.17835853321484021,
            "min": 0.088622,
            "med": 0.136236,
            "max": 4.02163,
            "p(90)": 0.212048,
            "p(95)": 0.284824
        },
        "vus": {
            "min": 0,
            "max": 1,
            "value": 0
        },
        "ingest_batch_status_202": {
            "rate": 16.010810215451635,
            "count": 4501
        },
        "http_req_duration": {
            "p(95)": 8.374567,
            "avg": 6.056116967784942,
            "min": 0.199368,
            "med": 5.519408,
            "max": 155.583351,
            "p(90)": 7.429561
        },
        "data_sent": {
            "count": 721815827,
            "rate": 2567619.6882040147
        },
        "dropped_iterations": {
            "count": 0,
            "rate": 0,
            "thresholds": {
                "count==0": false
            }
        },
        "iteration_duration": {
            "p(95)": 21.603611,
            "avg": 17.069164535880894,
            "min": 13.659688,
            "med": 16.310288,
            "max": 165.129903,
            "p(90)": 19.839674
        },
        "ingest_batch_status_2xx": {
            "rate": 16.010810215451635,
            "count": 4501
        },
        "http_req_connecting": {
            "avg": 0.012720974005776495,
            "min": 0,
            "med": 0,
            "max": 46.237643,
            "p(90)": 0,
            "p(95)": 0
        },
        "http_req_duration{scenario:ingest_batch}": {
            "p(95)": 8.374567,
            "avg": 6.056116967784942,
            "min": 0.199368,
            "med": 5.519408,
            "max": 155.583351,
            "p(90)": 7.429561,
            "thresholds": {
                "p(95)<750": false,
                "p(99)<1200": false
            }
        },
        "http_req_tls_handshaking": {
            "p(90)": 0,
            "p(95)": 0,
            "avg": 0,
            "min": 0,
            "med": 0,
            "max": 0
        },
        "http_req_waiting": {
            "avg": 5.7770629420128925,
            "min": 0,
            "med": 5.229975,
            "max": 155.298987,
            "p(90)": 7.091274,
            "p(95)": 8.055036
        },
        "http_reqs": {
            "count": 4501,
            "rate": 16.010810215451635
        },
        "http_req_blocked": {
            "avg": 0.018938121306376263,
            "min": 0.002418,
            "med": 0.004518,
            "max": 46.343648,
            "p(90)": 0.006549,
            "p(95)": 0.007845
        },
        "http_req_receiving": {
            "med": 0.087534,
            "max": 1.633533,
            "p(90)": 0.157817,
            "p(95)": 0.189214,
            "avg": 0.10069549255720907,
            "min": 0.037719
        }
    }
}