{
    "metrics": {
        "ingest_batch_status_2xx": {
            "count": 2401,
            "rate": 21.324233148989055
        },
        "data_sent": {
            "count": 353824531,
            "rate": 3142455.973709165
        },
        "http_req_tls_handshaking": {
            "avg": 0,
            "min": 0,
            "med": 0,
            "max": 0,
            "p(90)": 0,
            "p(95)": 0
        },
        "data_received": {
            "count": 1971221,
            "rate": 17507.195415320013
        },
        "vus": {
            "value": 0,
            "min": 0,
            "max": 2
        },
        "http_req_connecting": {
            "p(95)": 0,
            "avg": 0.05706244773011247,
            "min": 0,
            "med": 0,
            "max": 87.491545,
            "p(90)": 0
        },
        "http_req_duration{scenario:ingest_batch}": {
            "max": 44.294141,
            "p(90)": 6.337441,
            "p(95)": 7.034228,
            "avg": 4.8989445885047775,
            "min": 0.207401,
            "med": 4.478346,
            "thresholds": {
                "p(95)<750": false,
                "p(99)<1200": false
            }
        },
        "http_req_sending": {
            "med": 0.137099,
            "max": 2.426194,
            "p(90)": 0.198472,
            "p(95)": 0.275778,
            "avg": 0.1579658342357352,
            "min": 0.089512
        },
        "iterations": {
            "count": 2401,
            "rate": 21.324233148989055
        },
        "http_reqs": {
            "count": 2401,
            "rate": 21.324233148989055
        },
        "vus_max": {
            "min": 80,
            "max": 80,
            "value": 80
        },
        "checks": {
            "passes": 2401,
            "fails": 0,
            "value": 1
        },
        "ingest_batch_expected_status": {
            "passes": 2401,
            "fails": 0,
            "thresholds": {
                "rate>0.99": false
            },
            "value": 1
        },
        "http_req_duration": {
            "med": 4.478346,
            "max": 44.294141,
            "p(90)": 6.337441,
            "p(95)": 7.034228,
            "avg": 4.8989445885047775,
            "min": 0.207401
        },
        "http_req_receiving": {
            "min": 0.045178,
            "med": 0.082226,
            "max": 1.113384,
            "p(90)": 0.141558,
            "p(95)": 0.182979,
            "avg": 0.09388905331112056
        },
        "http_req_duration{expected_response:true}": {
            "max": 44.294141,
            "p(90)": 6.337441,
            "p(95)": 7.034228,
            "avg": 4.8989445885047775,
            "min": 0.207401,
            "med": 4.478346
        },
        "http_req_blocked": {
            "p(95)": 0.010502,
            "avg": 0.06616695418575605,
            "min": 0.003165,
            "med": 0.00524,
            "max": 87.562389,
            "p(90)": 0.007187
        },
        "iteration_duration": {
            "med": 11.467221,
            "max": 99.026767,
            "p(90)": 14.851815,
            "p(95)": 16.444915,
            "avg": 12.260667154518995,
            "min": 9.744188
        },
        "http_req_failed": {
            "passes": 0,
            "fails": 2401,
            "thresholds": {
                "rate<0.01": false
            },
            "value": 0
        },
        "http_req_waiting": {
            "avg": 4.647089700957944,
            "min": 0,
            "med": 4.24224,
            "max": 43.99737,
            "p(90)": 6.001427,
            "p(95)": 6.623675
        },
        "dropped_iterations": {
            "rate": 0,
            "count": 0,
            "thresholds": {
                "count==0": false
            }
        },
        "ingest_batch_status_202": {
            "count": 2401,
            "rate": 21.324233148989055
        }
    },
    "root_group": {
        "groups": {},
        "checks": {
                "ingest batch matched expected status": {
                    "name": "ingest batch matched expected status",
                    "path": "::ingest batch matched expected status",
                    "id": "9e1098a50ce2f0b3f99f21343b12df35",
                    "passes": 2401,
                    "fails": 0
                }
            },
        "name": "",
        "path": "",
        "id": "d41d8cd98f00b204e9800998ecf8427e"
    }
}