{
    "metrics": {
        "http_req_failed": {
            "passes": 127,
            "fails": 2874,
            "thresholds": {
                "rate<0.01": true
            },
            "value": 0.04231922692435855
        },
        "http_req_duration{expected_response:true}": {
            "avg": 118.71241199791251,
            "min": 0.447977,
            "med": 104.47470000000001,
            "max": 999.240608,
            "p(90)": 110.5963607,
            "p(95)": 113.88208275
        },
        "http_req_receiving": {
            "p(90)": 0.152745,
            "p(95)": 0.176383,
            "avg": 0.09952383738753766,
            "min": 0.017901,
            "med": 0.087598,
            "max": 1.113739
        },
        "http_req_sending": {
            "max": 3.72995,
            "p(90)": 0.228408,
            "p(95)": 0.299591,
            "avg": 0.18174154048650487,
            "min": 0.104065,
            "med": 0.15144
        },
        "iterations": {
            "count": 3001,
            "rate": 10.635746701107248
        },
        "http_req_blocked": {
            "p(95)": 0.007398,
            "avg": 0.009481206264578462,
            "min": 0.002449,
            "med": 0.004536,
            "max": 0.487863,
            "p(90)": 0.006465
        },
        "data_received": {
            "count": 2465912,
            "rate": 8739.358686844644
        },
        "http_req_duration": {
            "med": 104.595787,
            "max": 1006.515884,
            "p(90)": 111.817999,
            "p(95)": 398.072081,
            "avg": 144.11390517360908,
            "min": 0.180368
        },
        "http_req_waiting": {
            "p(95)": 397.768409,
            "avg": 143.8326397957349,
            "min": 0,
            "med": 104.323833,
            "max": 1006.146469,
            "p(90)": 111.425676
        },
        "ingest_batch_status_2xx": {
            "count": 2874,
            "rate": 10.185650122953092
        },
        "iteration_duration": {
            "avg": 163.2665624898366,
            "min": 100.140576,
            "med": 111.686044,
            "max": 1018.457749,
            "p(90)": 120.97023,
            "p(95)": 787.739774
        },
        "dropped_iterations": {
            "count": 0,
            "rate": 0,
            "thresholds": {
                "count==0": false
            }
        },
        "ingest_batch_expected_status": {
            "passes": 2874,
            "fails": 127,
            "thresholds": {
                "rate>0.99": true
            },
            "value": 0.9576807730756415
        },
        "ingest_batch_status_202": {
            "count": 2874,
            "rate": 10.185650122953092
        },
        "http_req_duration{scenario:ingest_batch}": {
            "avg": 144.11390517360908,
            "min": 0.180368,
            "med": 104.595787,
            "max": 1006.515884,
            "p(90)": 111.817999,
            "p(95)": 398.072081,
            "thresholds": {
                "p(95)<750": false,
                "p(99)<1200": false
            }
        },
        "http_reqs": {
            "count": 3001,
            "rate": 10.635746701107248
        },
        "ingest_batch_status_5xx": {
            "count": 127,
            "rate": 0.45009657815415544
        },
        "vus_max": {
            "value": 50,
            "min": 50,
            "max": 50
        },
        "http_req_connecting": {
            "avg": 0.0029544545151616126,
            "min": 0,
            "med": 0,
            "max": 0.363804,
            "p(90)": 0,
            "p(95)": 0
        },
        "http_req_tls_handshaking": {
            "avg": 0,
            "min": 0,
            "med": 0,
            "max": 0,
            "p(90)": 0,
            "p(95)": 0
        },
        "data_sent": {
            "count": 444134321,
            "rate": 1574042.0324639312
        },
        "vus": {
            "value": 1,
            "min": 1,
            "max": 10
        },
        "checks": {
            "passes": 2874,
            "fails": 127,
            "value": 0.9576807730756415
        }
    },
    "root_group": {
        "checks": {
            "ingest batch matched expected status": {
                "id": "9e1098a50ce2f0b3f99f21343b12df35",
                "passes": 2874,
                "fails": 127,
                "name": "ingest batch matched expected status",
                "path": "::ingest batch matched expected status"
            }
        },
        "name": "",
        "path": "",
        "id": "d41d8cd98f00b204e9800998ecf8427e",
        "groups": {}
    }
}