{
    "root_group": {
        "name": "",
        "path": "",
        "id": "d41d8cd98f00b204e9800998ecf8427e",
        "groups": {},
        "checks": {
                "ingest batch matched expected status": {
                    "id": "9e1098a50ce2f0b3f99f21343b12df35",
                    "passes": 2873,
                    "fails": 128,
                    "name": "ingest batch matched expected status",
                    "path": "::ingest batch matched expected status"
                }
            }
    },
    "metrics": {
        "checks": {
            "passes": 2873,
            "fails": 128,
            "value": 0.9573475508163946
        },
        "http_req_sending": {
            "med": 0.156815,
            "max": 3.053566,
            "p(90)": 0.236007,
            "p(95)": 0.309507,
            "avg": 0.18242622259246835,
            "min": 0.096979
        },
        "data_received": {
            "count": 2465928,
            "rate": 8739.664817191566
        },
        "iteration_duration": {
            "p(95)": 789.231512,
            "avg": 163.38769883038995,
            "min": 100.45561,
            "med": 111.807315,
            "max": 1018.137943,
            "p(90)": 120.808511
        },
        "http_req_tls_handshaking": {
            "max": 0,
            "p(90)": 0,
            "p(95)": 0,
            "avg": 0,
            "min": 0,
            "med": 0
        },
        "ingest_batch_status_202": {
            "count": 2873,
            "rate": 10.182396655454403
        },
        "http_req_duration{expected_response:true}": {
            "avg": 118.57945416498458,
            "min": 0.224075,
            "med": 104.741347,
            "max": 989.64908,
            "p(90)": 110.6460428,
            "p(95)": 113.9389208
        },
        "http_req_receiving": {
            "p(95)": 0.176462,
            "avg": 0.0988838787070976,
            "min": 0.02788,
            "med": 0.087558,
            "max": 0.851434,
            "p(90)": 0.151823
        },
        "iterations": {
            "count": 3001,
            "rate": 10.636050248179139
        },
        "http_req_duration{scenario:ingest_batch}": {
            "avg": 144.28305175074993,
            "min": 0.187161,
            "med": 104.832075,
            "max": 1008.280663,
            "p(90)": 112.158671,
            "p(95)": 396.173781,
            "thresholds": {
                "p(95)<750": false,
                "p(99)<1200": false
            }
        },
        "ingest_batch_expected_status": {
            "passes": 2873,
            "fails": 128,
            "thresholds": {
                "rate>0.99": true
            },
            "value": 0.9573475508163946
        },
        "http_req_blocked": {
            "avg": 0.010703059980006646,
            "min": 0.002802,
            "med": 0.004957,
            "max": 0.90828,
            "p(90)": 0.006618,
            "p(95)": 0.007757
        },
        "dropped_iterations": {
            "count": 0,
            "rate": 0,
            "thresholds": {
                "count==0": false
            }
        },
        "http_req_waiting": {
            "avg": 144.0017416494501,
            "min": 0,
            "med": 104.550903,
            "max": 1008.014118,
            "p(90)": 111.876037,
            "p(95)": 395.936211
        },
        "http_reqs": {
            "count": 3001,
            "rate": 10.636050248179139
        },
        "http_req_duration": {
            "min": 0.187161,
            "med": 104.832075,
            "max": 1008.280663,
            "p(90)": 112.158671,
            "p(95)": 396.173781,
            "avg": 144.28305175074993
        },
        "ingest_batch_status_2xx": {
            "count": 2873,
            "rate": 10.182396655454403
        },
        "vus": {
            "max": 10,
            "value": 1,
            "min": 1
        },
        "http_req_connecting": {
            "med": 0,
            "max": 0.760742,
            "p(90)": 0,
            "p(95)": 0,
            "avg": 0.0033515058313895365,
            "min": 0
        },
        "ingest_batch_status_5xx": {
            "rate": 0.453653592724735,
            "count": 128
        },
        "vus_max": {
            "value": 50,
            "min": 50,
            "max": 50
        },
        "http_req_failed": {
            "passes": 128,
            "fails": 2873,
            "thresholds": {
                "rate<0.01": true
            },
            "value": 0.042652449183605466
        },
        "data_sent": {
            "count": 442405815,
            "rate": 1567960.839195816
        }
    }
}