{
    "metrics": {
        "iteration_duration": {
            "max": 311.708411,
            "p(90)": 152.990959,
            "p(95)": 232.34968500000002,
            "avg": 152.5369952727273,
            "min": 122.815577,
            "med": 140.696717
        },
        "http_req_sending": {
            "avg": 0.18537463636363638,
            "min": 0.103761,
            "med": 0.161651,
            "max": 0.29305,
            "p(90)": 0.273845,
            "p(95)": 0.28344749999999996
        },
        "vus_max": {
            "value": 50,
            "min": 50,
            "max": 50
        },
        "ingest_batch_expected_status": {
            "passes": 11,
            "fails": 0,
            "thresholds": {
                "rate>0.99": false
            },
            "value": 1
        },
        "http_req_connecting": {
            "p(90)": 0.285042,
            "p(95)": 0.3008035,
            "avg": 0.2034162727272727,
            "min": 0.145538,
            "med": 0.199075,
            "max": 0.316565
        },
        "http_req_waiting": {
            "p(95)": 224.40115199999997,
            "avg": 144.14365372727272,
            "min": 114.609361,
            "med": 130.340492,
            "max": 304.580094,
            "p(90)": 144.22221
        },
        "http_req_duration": {
            "min": 114.852655,
            "med": 130.774622,
            "max": 305.005644,
            "p(90)": 144.806645,
            "p(95)": 224.9061445,
            "avg": 144.58046545454545
        },
        "http_req_blocked": {
            "p(95)": 0.4238445,
            "avg": 0.31346027272727267,
            "min": 0.20904,
            "med": 0.30186,
            "max": 0.430033,
            "p(90)": 0.417656
        },
        "http_req_duration{expected_response:true}": {
            "med": 130.774622,
            "max": 305.005644,
            "p(90)": 144.806645,
            "p(95)": 224.9061445,
            "avg": 144.58046545454545,
            "min": 114.852655
        },
        "checks": {
            "passes": 11,
            "fails": 0,
            "value": 1
        },
        "http_req_tls_handshaking": {
            "max": 0,
            "p(90)": 0,
            "p(95)": 0,
            "avg": 0,
            "min": 0,
            "med": 0
        },
        "iterations": {
            "count": 11,
            "rate": 1.332325731234475
        },
        "http_req_duration{scenario:ingest_batch}": {
            "avg": 144.58046545454545,
            "min": 114.852655,
            "med": 130.774622,
            "max": 305.005644,
            "p(90)": 144.806645,
            "p(95)": 224.9061445,
            "thresholds": {
                "p(95)<750": false,
                "p(99)<1200": false
            }
        },
        "http_reqs": {
            "count": 11,
            "rate": 1.332325731234475
        },
        "data_received": {
            "count": 9031,
            "rate": 1093.8394253435038
        },
        "http_req_failed": {
            "passes": 0,
            "fails": 11,
            "thresholds": {
                "rate<0.01": false
            },
            "value": 0
        },
        "http_req_receiving": {
            "min": 0.09196,
            "med": 0.273497,
            "max": 0.374204,
            "p(90)": 0.352286,
            "p(95)": 0.363245,
            "avg": 0.2514370909090909
        },
        "data_sent": {
            "count": 1627971,
            "rate": 197180.69572759265
        },
        "vus": {
            "min": 0,
            "max": 0,
            "value": 0
        },
        "dropped_iterations": {
            "count": 0,
            "rate": 0,
            "thresholds": {
                "count==0": false
            }
        }
    },
    "root_group": {
        "groups": {},
        "checks": {
                "ingest batch matched expected status": {
                    "id": "9e1098a50ce2f0b3f99f21343b12df35",
                    "passes": 11,
                    "fails": 0,
                    "name": "ingest batch matched expected status",
                    "path": "::ingest batch matched expected status"
                }
            },
        "name": "",
        "path": "",
        "id": "d41d8cd98f00b204e9800998ecf8427e"
    }
}